album_id,title,artist_id,release_date
estela_Qfc,Estela Núñez (Con Mariachi),estelaVp,2000-01-01
knee_t_7Y5,Knee To The Groin,pablo_Hs,2000-01-01
world__OtC,World Ethno Music: Russian songs,nadezhPQ,2000-01-01
you_ar_V9X,You Are Going to Hate This,the_frGO,2000-01-01
pocaho_D3i,Pocahontas (Original Motion Picture Soundtrack/Japanese Version),toshihzC,2000-01-01
amélie_JsM,Amélie - A New Musical (Original Broadway Cast Recording),originOn,2000-01-01
the_ov_XUx,the overthinker,one_hojm,2000-01-01
bad_me_3hf,Bad Memories (feat. Elley Duhé & FAST BOY),meduzam6,2000-01-01
suncor_Xs5,Suncore,niky_npU,2000-01-01
konu_k_LdY,Konu Kilit,norm_ebE,2000-01-01
hallow_mYF,Halloween Metal Nights,fuel07,2000-01-01
for_go_I0a,For God and Country,good_rHV,2000-01-01
ocean__UXf,Ocean Waves Sounds,ocean_eV,2000-01-01
boa_me_x5N,Boa Me (feat. Ed Sheeran & Mugeez),fuse_oYG,2000-01-01
psycho_3Ft,PSYCHOPATH,boøwyMm,2000-01-01
paixão_L56,Paixão Demais,bruno_DT,2000-01-01
one_ey_bZe,One Eyed Jacks (Expanded Edition),spear_6h,2000-01-01
mounta_HmI,"Mountain Tracks, Vol. 6",yonder9N,2000-01-01
so_thi_WVR,So This Is Love,emile_vz,2000-01-01
good_w_D6Q,Good Without,mimi_w5s,2000-01-01
armada_vtg,Armada Music - ADE 2022,brando6t,2000-01-01
illmat_s20,Illmatic,naskE,2000-01-01
初學者_feF,初學者,joker_hI,2000-01-01
perreo_JZr,Perreo en Halloween,"tito_""Qo",2000-01-01
hallow_n9D,Halloween Songs | Witches Hour,steve_Nf,2000-01-01
the_bi_tRs,The Biggest Reggae One-Drop Anthems 2009,gappy_jL,2000-01-01
地獄より愛を_SlO,地獄より愛をこめて,seikim33,2000-01-01
mr._co_q4W,Mr. Country and Western,georgeYu,2000-01-01
a_tera_FeN,A teraz tańcz (Radio Edit),drosseff,2000-01-01
who_do_Wuv,Who Do You Love,arty;rLe,2000-01-01
happy__bNl,Happy Haunted Halloween Tunes,ice_niH4,2000-01-01
haykır_nNh,Haykırış,cem_kaAA,2000-01-01
be_alo_TjK,Be Alone,oliverjU,2000-01-01
ele_vo_LEA,Ele Voltará,coral_qH,2000-01-01
rogue__gXp,Rogue Taxidermy,days_n3Y,2000-01-01
tomorr_HLS,Tomorrowland 2019 EP,dimitrXA,2000-01-01
slowed_Qxn,Slowed + Reverbed 2022,nico;u4K,2000-01-01
i'll_n_ZzK,I'll Never See The World,swarm;Fy,2000-01-01
the_co_V3L,The Complete Hank Williams,hank_wYY,2000-01-01
cinema_GQ0,Cinematic Youth,peach_Ya,2000-01-01
sou_eu_kD7,Sou Eu (Live),diogo_5X,2000-01-01
heavy__OVh,Heavy Heart,gamperqq,2000-01-01
and_th_ToN,And Those Who Were Seen Dancing,tess_pgt,2000-01-01
not_en_2hY,Not Enough Middle Fingers,neophy04,2000-01-01
best_c_YbA,Best Christmas Playlist Ever 2022,the_mi6Y,2000-01-01
greate_8MM,Greatest Hits,lasse_xx,2000-01-01
残響_S1p,残響,masahaGB,2000-01-01
living_60b,Living Hope,phil_wry,2000-01-01
blurre_e5X,Blurred Lines (Deluxe),robin_kd,2000-01-01
the_on_pF2,THE ONE,uverwodT,2000-01-01
voice__7xc,Voice in My Head,christrA,2000-01-01
memori_z7e,Memoria de los Sentidos,vicentbj,2000-01-01
old_wo_J4c,Old World Songs in a New World Order,multansl,2000-01-01
christ_Yli,Christmas Best Hits 2022,rufus_Uy,2000-01-01
estadi_J1e,"Estadio Nacional (En Vivo, Remasterizado 2019)",los_prUH,2000-01-01
michae_DYH,Michael,roy_daSi,2000-01-01
barulh_At2,Barulho da cama,dj_viafB,2000-01-01
le_fab_WxF,Le Fabuleux destin d'Amélie Poulain (Bande originale du film),yann_tKG,2000-01-01
udta_p_2IE,Udta Punjab,vishalni,2000-01-01
good_t_eYS,Good Times Country,ashleykt,2000-01-01
bound__u4k,Bound by Blood,rustageS,2000-01-01
proof_MNP,Proof,btsBJ,2000-01-01
heropa_XbA,Heropanti,arijitdQ,2000-01-01
dawn_tDp,DAWN,aimerxq,2000-01-01
goldmi_4EH,Goldmine,gabby_Qz,2000-01-01
leoni__QFa,Leoni - Ao Vivo,leoniuZ,2000-01-01
bulutl_RUu,Bulutlarda,ati242zn,2000-01-01
anothe_PlA,Another String of Hot Hits (And More!),the_shwo,2000-01-01
betwee_fou,Between Green,spuntiQG,2000-01-01
bar_da_aX9,Bar Das Coleguinhas (Ao Vivo),simoneN3,2000-01-01
perreo_0gH,Perreo en Halloween,"tito_""ZV",2000-01-01
die_to_YsY,Die Toten Hosen Live: Der Krach der Republik,die_toG4,2000-01-01
poove__A8t,Poove Sempoove,noel_t3Z,2000-01-01
homesi_JOF,Homesick (Special Edition),a_day_ds,2000-01-01
memori_WqX,Memories in a Box,bigricMV,2000-01-01
ettern_DgW,Etterna,emma_siR,2000-01-01
clásic_Fft,Clásicos de ahora: Perreo,chris_0c,2000-01-01
jersey_vdg,Jersey Hub,dj_smaBc,2000-01-01
the_st_Yo5,The Struggle,tenth_Bn,2000-01-01
meu_ví_Bvh,Meu Vício,noda_d4o,2000-01-01
gee_te_ozA,Gee Tee,gee_teYE,2000-01-01
fiesta_wFy,Fiesta de disfraces vol. II,demi_l53,2000-01-01
eating_db9,Eating Hooks (Siriusmo Remix - Solomun Edit),moderaFH,2000-01-01
i_can'_4gh,I Can't Be,hakan_l8,2000-01-01
lakshy_16n,Lakshya (Original Motion Picture Soundtrack),shankaJL,2000-01-01
nightm_OZW,Nightmare On Providence Street,blind_G3,2000-01-01
putuma_HI2,Putumayo Kids Presents Latin Dreamland,luis_s93,2000-01-01
soulfu_0te,Soulful Christmas,smokeyMp,2000-01-01
party__tb0,Party EP,anstanHb,2000-01-01
hope_kmv,Hope,aromalEa,2000-01-01
regála_Nh9,Regálame Una Noche,maelo_kM,2000-01-01
on_you_wwT,On Your Side,a_rockb4,2000-01-01
con_ba_dyA,Con Banda,los_frvK,2000-01-01
jayesh_qmJ,Jayeshbhai Jordaar,vishalON,2000-01-01
never__5ZQ,Never Stop,fm-84;PU,2000-01-01
the_dr_SHs,The Drug In Me Is You,fallinnS,2000-01-01
h5_xNi,H5,mwuanaBz,2000-01-01
war_pa_bCU,War Paint,iliza_r6,2000-01-01
20_yea_0IW,20 Years of Hardcore (Remastered),scootelb,2000-01-01
avenge_dgS,Avenged Sevenfold,avenge36,2000-01-01
best_o_IX9,BEST of TUBEst ~All Time Best~,tubeTh,2000-01-01
tango__thc,Tango Classics 225: Trasnochando,miguelEz,2000-01-01
aprico_MZw,Apricots,bicepln,2000-01-01
rummy__8ZX,Rummy (Original Motion Picture Soundtrack),d._immhi,2000-01-01
how_de_oR8,How Deep is Your Love (DJ Snake Remix),calvinZb,2000-01-01
here_c_1zf,Here Comes the Big Red Car,the_wiFB,2000-01-01
soothe_yvk,"Soothe, Vol. 5: Lullaby Dreams - Music for a Peaceful Escape",jim_brEx,2000-01-01
it's_c_YYK,"It's Christmas, Let's Dance",salem_il,2000-01-01
music__CVd,"Music From the Motion Picture ""The Craft""",mattheOv,2000-01-01
hellbo_L0D,HELLBOY,lil_pe01,2000-01-01
rainy__4qw,rainy day indie,devendQr,2000-01-01
fuchsi_yWf,Fuchsia Badusha,jobiimA,2000-01-01
around_L9s,Around The World (feat. NOUMENN),kshmr;Wq,2000-01-01
hero_iAh,Hero,bölzerjY,2000-01-01
tangle_xGC,Tangled,alan_mos,2000-01-01
不愛最大_u4S,不愛最大,xian_zDs,2000-01-01
コンプリート_suC,コンプリート・シングル・コレクションズ〜ファースト・テン・イヤーズ<ライノ・プレミアム・エディション>,akina_DZ,2000-01-01
8_bit_CNH,8 Bit,martinqS,2000-01-01
chapel_wOX,Chapel,felmaxGA,2000-01-01
genera_7mw,General Levy presents Welcome To The Jungle + Mix by Deekline & Ed Solo,deeklipt,2000-01-01
kalank_F9B,Kalank (Original Motion Picture Soundtrack),pritamCG,2000-01-01
siames_xY5,Siamese Dream (2011 - Remaster),the_smd4,2000-01-01
kal_ho_8uN,Kal Ho Naa Ho (Original Motion Picture Soundtrack),shankaWS,2000-01-01
bullsh_0Ru,Bullshit,dune_rX0,2000-01-01
bass_r_JRG,Bass Rani,nucleyMl,2000-01-01
socha__ryh,socha na tha,zaeden0j,2000-01-01
rosari_h3p,Rosario,rosarijx,2000-01-01
prophe_J59,Prophecy of Ragnarök,brothecy,2000-01-01
queda__6uf,Queda poco para la PAES 2.0,juan_mLM,2000-01-01
discog_pC2,Discografía,los_crzx,2000-01-01
a_salu_NW8,A Salute To Uncle Dave,stringkb,2000-01-01
get_do_bQP,Get Down The Clown,boogieWE,2000-01-01
mega_h_m88,Mega Hits Autumn/Fall 2022,chelsezM,2000-01-01
reggae_321,Reggaeton Mix Perreito,kevin_tM,2000-01-01
oh_oh__ZRk,Oh Oh Não,chicãoUy,2000-01-01
wiggle_oEM,Wiggle House!,the_wigd,2000-01-01
moskwa_SuQ,Moskwa I,moskwaiL,2000-01-01
ecstas_kAn,Ecstasies Of Never Ending Night,devil_Wb,2000-01-01
by_the_aXB,By the Deep Sea,federinM,2000-01-01
slayin_xHP,Slaying the Runway,lani_lPE,2000-01-01
mozart_aYf,Mozart - All Day Classics,wolfgaH7,2000-01-01
the_co_2gY,The Complete Hank Williams,hank_wHz,2000-01-01
autumn_sXR,Autumn Vibes 2022,jessienl,2000-01-01
miracl_l8N,Miracle Maker (Matt Guy Remix),dom_dops,2000-01-01
a_noss_r8f,A Nossa Barraca,onze:2ZX,2000-01-01
super__4sg,Super Fun Learning Songs,jack_h0r,2000-01-01
trash__1rj,TRASH CANDY,granrob5,2000-01-01
musafi_fbw,Musafir,arijitHN,2000-01-01
proof_pmD,Proof,bts5A,2000-01-01
bao_på_i9L,BAO på turné (Live),benny_KX,2000-01-01
tighte_D9q,Tighten Up - Single,the_baMh,2000-01-01
what_c_g8V,What Can I Do,myrner1,2000-01-01
essent_Z73,Essential - Chill Out,finley2S,2000-01-01
sleep_ibR,Sleep,max_rivQ,2000-01-01
beauti_7A7,Beautiful Trending Hits 2022,david_W2,2000-01-01
en_viv_uPf,En Vivo (Acústico),kenia_Jn,2000-01-01
akira_UDT,AKIRA,masahasX,2000-01-01
xerrox_aYj,"Xerrox, Vol. 3",alva_nYl,2000-01-01
rainfa_nIO,Rainfall for Sleep (Sleep Aid),rainfaxz,2000-01-01
somers_m1M,Somersault,beach_ks,2000-01-01
jungle_VmQ,Jungle Style,aries;nl,2000-01-01
diamon_U47,Diamonds (Deluxe),elton_Fi,2000-01-01
conver_FSo,Convergence,synapsOI,2000-01-01
stars__Tdi,Stars and Satellites,tramplMT,2000-01-01
she_ha_Rh7,She Hates I Got My Own Thang XXII,joseme3Q,2000-01-01
peaky__Qzi,Peaky Blinder,otnickOF,2000-01-01
sect_o_dzj,Sect of Vile Divinities,incantHV,2000-01-01
one_wa_bXP,One Way Out,eddie_5N,2000-01-01
there__19a,There Is More,hillsonz,2000-01-01
energy_3Iq,ENERGY,a.m.cyr,2000-01-01
ser_ma_l7a,Ser Mais do Que Ter (Ao Vivo),colo_dSS,2000-01-01
black__QT5,Black Hole Trance Music 10-22,cosmicGM,2000-01-01
castel_uln,Castelos & Ruínas,bk;saiFM,2000-01-01
ofa_ma_Wg4,Ofa Mai,dj_noizO,2000-01-01
origin_WBe,"Original Ragga Muffin, Pt. 1",barrin1M,2000-01-01
moving_4iP,Moving Blind,sonny_Sz,2000-01-01
лучшая_j3y,Лучшая цыганская музыка. Часть первая,nikolaGK,2000-01-01
slack__tWt,Slack Key Guitar: The Artistry Of Sonny Lim,sonny_Yg,2000-01-01
crossr_EDP,Crossroads,karlk;1v,2000-01-01
buddy__pk5,Buddy Holly,buddy_GH,2000-01-01
cezar__uaa,Cezar & Paulinho 40 Anos (Ao Vivo),cezar_0D,2000-01-01
the_18_7jb,The 18th Letter / The Book Of Life,rakimkB,2000-01-01
white__QAG,White Noise Ocean,sleep_q1,2000-01-01
aeiou_aSx,AEIOU,justinlo,2000-01-01
no_oth_sbN,No Other Name,hillso81,2000-01-01
a_cara_B4L,A Cara Metade das Vaquejadas,kara_vcX,2000-01-01
altern_YXx,Alternative Christmas 2022,all_tiw8,2000-01-01
mozart_2ek,Mozart: The Complete Piano Sonatas,wolfgaww,2000-01-01
the_es_I7m,The Essential George Jones,georgeNs,2000-01-01
couple_J8T,Couple Skate/Haggus,couplegx,2000-01-01
vermin_FLd,Vermin,old_maVA,2000-01-01
лучшие_wUu,Лучшие песни,дмитриYy,2000-01-01
endlic_ZiZ,Endlich Urlaub!,farin_Oo,2000-01-01
ozutoc_Mff,OzuTochi,ozuna;2K,2000-01-01
strong_yca,Stronger,murdocwc,2000-01-01
your_n_519,Your Name.,radwimQS,2000-01-01
spleen_9B0,Spleen,djadjakv,2000-01-01
let_me_udl,Let Me Love You (feat. Chris Crone),sjur;cP1,2000-01-01
suck_i_0L4,Suck It and See,arcticwp,2000-01-01
waking_GQz,Waking Up,onerepaM,2000-01-01
rise_o_Vns,Rise of the Unknown,re-fuzZT,2000-01-01
walk_i_5E8,Walk in the Park Rap,wiz_khVQ,2000-01-01
lookie_5PD,LOOKiE,bisGe,2000-01-01
...and_KSx,...And Then There Was Timo,timo_rVK,2000-01-01
fé_(ao_Xfo,Fé (Ao Vivo),andré_17,2000-01-01
brink__W0o,Brink Of Madness,thyronh7,2000-01-01
golden_VA0,golden hour (ILLENIUM & NURKO Remix),jvke;iG1,2000-01-01
finest_J7h,Finest Hour,patton35,2000-01-01
is_it__IJc,Is It Too Much to Ask For,me7kmM,2000-01-01
perreo_RUi,Perreo Tenebroso Vol. 1,farinaE7,2000-01-01
kamele_o7H,Kameleon Lights,go!go!LY,2000-01-01
rage_FaA,Rage,rzrktlA,2000-01-01
mais_f_hox,Mais Feliz,zeca_pZe,2000-01-01
você_m_rdV,Você Me Pergunta,rubel;16,2000-01-01
like_2W5,LiKE,macaroYs,2000-01-01
10's_m_x7Y,10's Music Grandi Successi,boomdaJb,2000-01-01
turnin_bc2,Turning Page,sydneyNf,2000-01-01
top_of_R4D,Top of the Rock,royal_lS,2000-01-01
tutti__hWF,Tutti in piscina Canzoni per bambini,boomdazF,2000-01-01
big_se_T6f,Big Sexy Land,revolt8y,2000-01-01
galy_g_0pL,Galy Galiano 30 Años,galy_gWB,2000-01-01
vamos__3rm,Vamos Hacerlo,dvicezE,2000-01-01
acústi_Crt,Acústico (Ao Vivo),charlipK,2000-01-01
the_ch_ryu,The Challenge,coone;Rd,2000-01-01
peele__9ok,Peele Amiras (Sabr),kabir_zD,2000-01-01
drippy_QIA,Drippy Drippy,yungblNe,2000-01-01
3ー2_(s_pnv,3ー2 (Special Edition),hkt48p3,2000-01-01
aposch_wnk,Aposch,goom_gFK,2000-01-01
makina_yBJ,Makina Elektrika,pentagPK,2000-01-01
50_top_3sD,50 Top Hindi Nursery Rhymes,wowkidjP,2000-01-01
grey_d_8o0,Grey Days / Shadows Of The Mind,s.p.yiJ,2000-01-01
insine_vAI,Insineratehymn,deicidqW,2000-01-01
warsaw_HAE,Warsaw,alexanUm,2000-01-01
outras_Ou7,Outras Cidades,baiana3L,2000-01-01
mis_me_qXb,Mis Mejores 20 Exitos,sonoraaS,2000-01-01
amzer__Rpm,Amzer an dispac'h !,les_raGa,2000-01-01
csn_20_8rb,CSN 2012,crosbyEd,2000-01-01
in_dei_Wn8,In deinen Augen,sharakQa,2000-01-01
trap_f_Abd,Trap Funk Star,menor_ab,2000-01-01
jane's_QuY,Jane's Addiction (Live),jane's0v,2000-01-01
frei_u_C5O,Frei und schwerelos,sabrinv6,2000-01-01
streng_vqo,Strength,nosferHT,2000-01-01
geceni_l1p,Gecenin Sonuna Yolculuk,teomanrm,2000-01-01
daltón_Ntu,Daltónico,enjambZ5,2000-01-01
lo_nue_Gew,Lo Nuevo Y Lo Mejor,pedro_Mj,2000-01-01
street_Bl6,Street Songs (Deluxe Edition),rick_jUO,2000-01-01
#multi_hev,"#Multiverse, If the Multiverse Is Real",robin_9v,2000-01-01
aline__stv,Aline Barros e Cia,aline_HK,2000-01-01
liebe__CXp,Liebe gewinnt,bringsiq,2000-01-01
wet_wa_MsP,Wet Warm Cling Film Red Velvet Crush,specim3F,2000-01-01
okkey__W5A,Okkey EP,batuflLe,2000-01-01
a_arte_KUe,A Arte De Os Paralamas Do Sucesso,os_paraN,2000-01-01
gone_m_3XA,Gone Madigan,kathlebD,2000-01-01
the_ha_mnD,The Hardcore Archive Part 3 (1997),the_prVv,2000-01-01
baião__9M0,Baião De Dois,elba_rAh,2000-01-01
luna_l_ERK,Luna llena,natos_AU,2000-01-01
a_plus_pEJ,A Plus Tard Crocodile,louisehj,2000-01-01
the_li_GVr,The Little Mermaid 2,samuelsd,2000-01-01
high_&_5fq,High & Fines Herbes,caballhz,2000-01-01
heligo_BTD,Heligoland,massiv8S,2000-01-01
in_you_C1W,In Your Honor,foo_fiIC,2000-01-01
poison_MmK,Poison,rita_oRv,2000-01-01
link_w_DVn,Link Wray & the Wraymen,link_wHy,2000-01-01
burn_i_62j,Burn It Down,octaveOn,2000-01-01
nasa_oN9,Nasa,thiagozU,2000-01-01
man_ma_cx3,Man Made Disaster,out_ofBu,2000-01-01
odysse_E9R,Odyssey to Anyoona (Wehbba + Frankyeffe Remix),jam_&_p9,2000-01-01
deviat_s5a,Deviation Classics,moodymgD,2000-01-01
glaube_qIs,Glauben,dax_wogl,2000-01-01
today'_nK6,Today's Party Hits,matomaoL,2000-01-01
alive__zjj,Alive In An Ultra World,steve_HJ,2000-01-01
el_tie_rFI,El Tiempo Es Tan Pequeño,oconnoqe,2000-01-01
anti_c_nd3,ANTi CONFORMiST SUPERSTAR,bisv3,2000-01-01
puccin_4IB,Puccini: Turandot,giacomNR,2000-01-01
de_pas_UCA,De Passagem,oswaldBh,2000-01-01
só_as__dzx,Só as Melhores,a_famíyw,2000-01-01
ao_viv_L87,Ao Vivo Sem Abuso,art_poHc,2000-01-01
starry_hlF,Starry (Original Concept Recording) [Deluxe Edition],matt_dHJ,2000-01-01
the_wr_dvE,"The Wrong Side Of Heaven And The Righteous Side Of Hell, Volume 1",five_ft7,2000-01-01
herbst_qwI,Herbststimmung,oh_wonY3,2000-01-01
banba_0Hk,Banba,clannaCX,2000-01-01
dev_aaB,Dev,ritvizEG,2000-01-01
los_vi_Gdb,Los Viajes Inmóviles,nach2E,2000-01-01
rv8_z0q,RV8,aoki_tLG,2000-01-01
the_ar_11U,The Arc of Tension,oliverKC,2000-01-01
chewba_But,Chewbappin’,beat_oME,2000-01-01
white__GKo,White Bat,he_is_Mx,2000-01-01
when_i_zqQ,When It Falls,zero_7Ax,2000-01-01
lonewo_sA6,LONEWOLF,convolLr,2000-01-01
bad_vi_34z,Bad Vibrations (Deluxe Edition),a_day_9D,2000-01-01
blazzi_KkI,Blazzin' Fire,inner_ov,2000-01-01
mannig_AE5,Mannigfaltig,dominifI,2000-01-01
good_w_p2b,Good Without,mimi_wiF,2000-01-01
histor_zey,Historias De La Calle,gufiCp,2000-01-01
halfwa_mRx,Halfway Down (with Ashley Drake),slandeU8,2000-01-01
sinner_Jam,Sinner,drownih3,2000-01-01
wagner_U2L,"Wagner: Lohengrin, WWV 75, Prelude To Act I (Live)",richarFl,2000-01-01
varón__zOp,Varón (Remastered),julio_lK,2000-01-01
scam_1_tmd,Scam 1992 (Original Score),achintxk,2000-01-01
la_por_FcW,La Portuaria En Vivo,la_porzw,2000-01-01
piano__aAM,Piano For Painkillers,matt_lEq,2000-01-01
endure_dQJ,Endure,assembyI,2000-01-01
era_de_7Hj,Era de Aquarius,martinbm,2000-01-01
the_ne_SNJ,The Nexus,amaranwx,2000-01-01
revamp_wiP,"Revamped, Vol. 2 (Remix)",nusratAP,2000-01-01
the_ha_kPM,The Hardcore Archive Part 2 (1995 - 1996),the_pr9P,2000-01-01
jazz_r_0qA,Jazz Romance,blossoZz,2000-01-01
new_wo_PMv,New World Orphans,(hed)_Rl,2000-01-01
hymn_XMX,Hymn,nightcsU,2000-01-01
tie_me_DOn,Tie Me Down (with Elley Duhé),gryffiVa,2000-01-01
el_tor_UBU,El Toro del Corrido,lupillB8,2000-01-01
you_&__MZT,"You & Me, That's Enough",devin_m7,2000-01-01
loco_h_yEY,Loco Hasta La Muerte,broilesp,2000-01-01
fiesta_w8Q,Fiesta temática 80s,robertjU,2000-01-01
badlan_imV,BADLANDS,halseyBX,2000-01-01
findin_HbK,Finding Beauty In Negative Spaces (Bonus Track Version),seetheCG,2000-01-01
hemloc_CGZ,Hemlock Society,anupamTu,2000-01-01
someon_x53,"Someone's Waiting For You (from ""The Rescuers"")",the_slQQ,2000-01-01
mayhem_dyU,Mayhem,imeldaR0,2000-01-01
trendi_oOu,Trending Pop,bruno_Ku,2000-01-01
fração_Wyj,Fração de Segundo - Single,nx_zeri2,2000-01-01
psalms_cAO,"Psalms, Vol. 2",shane_Bb,2000-01-01
the_ma_mrJ,The Martian: Original Motion Picture Score,harry_E6,2000-01-01
expres_qSa,Expressions,mariyaEO,2000-01-01
mozart_mPE,Mozart - All Day Classics,wolfgaKT,2000-01-01
空氣_eOU,空氣,金莎Wg,2000-01-01
sweep__c8v,Sweep Over My Soul,lucianZA,2000-01-01
nima_d_66U,Nima Duss Riddim,navino6y,2000-01-01
live_-_9BK,Live - Selected Songs Of The 10th Anniversary Concert At Docks,scooteD5,2000-01-01
a_lo_c_gBa,"A Lo Cubano: Súper Hits Bailables, Vol. 1",azucarjN,2000-01-01
shihek_mpr,Shiheki,cr7zH9,2000-01-01
the_st_IKi,The State of Pop,janellMX,2000-01-01
dark_c_8GK,Dark Country 4,blues_ZD,2000-01-01
handgu_OPq,Handguns,greens7K,2000-01-01
misant_PNb,Misanthropic Generation,disfeaw4,2000-01-01
do_sun_boe,Do Sunrise Ao Sunset,kiko_cb3,2000-01-01
christ_g8N,Christmas Best Hits 2022,rufus_41,2000-01-01
alt_th_7fR,Alt Throwback,the_ofim,2000-01-01
aanand_vvJ,Aanandam (Original Motion Picture Soundtrack),raghu_dF,2000-01-01
moment_5q4,Moments,shavi;1A,2000-01-01
一生一次_Lfd,一生一次,andy_loN,2000-01-01
partie_SsM,Partie Traumatic,black_eG,2000-01-01
ii_PUr,II,the_prce,2000-01-01
circus_kml,circus,pmbataOx,2000-01-01
temple_awp,Temple Of The Dog (Deluxe Edition),templebA,2000-01-01
blood__X1g,Blood in Blood Out,ambna,2000-01-01
music__nMY,Music In You,sebastDr,2000-01-01
office_pYn,Office Vibe,sless_VP,2000-01-01
perreo_Z3M,Perreo Tenebroso Vol. 5,wisin_wY,2000-01-01
無緣的_iBu,無緣的,楊宗憲mb,2000-01-01
vintag_Bi0,"Vintage & New,Gift Shits",hi-statD,2000-01-01
80's_xM8,80's,chaka_oY,2000-01-01
malik_qqr,Malik,lafayety,2000-01-01
lofi_&_fr6,LoFi & Halloween,melodyss,2000-01-01
si̇s_Hji,SİS,khontkl4,2000-01-01
re-tur_2e2,RE-Turn,tappsK0,2000-01-01
your_p_kpX,Your Perfect Soundtrack,hayleyVf,2000-01-01
commen_8mr,Commencement,new_orHl,2000-01-01
hits_h_CBS,Hits Hits Hits,neikedKj,2000-01-01
stallz_DFL,Stallzeit,milkinYl,2000-01-01
no_ufo_gqh,No Ufo's (Original Version),model_8W,2000-01-01
big_je_MVC,Big Jet Plane,jan_blf2,2000-01-01
love_r_q2f,Love Runs Out (feat. G-Eazy & Sasha Alex Sloan),martinBN,2000-01-01
never__ipE,Never Been Ordinary,frenchTM,2000-01-01
harry__tUU,Harry Potter And The Goblet Of Fire (Original Motion Picture Soundtrack),patric4F,2000-01-01
el_cam_h1P,El Camino,the_blWt,2000-01-01
scienc_aSu,Science Songs All Day Long,jack_hZO,2000-01-01
ilzaam_lYA,Ilzaam (From the Album 'Industry'),arjun_HZ,2000-01-01
cada_v_1w2,Cada Vez Mas Pelotudos,assperpY,2000-01-01
the_sh_YCS,The Shadow of Their Suns (Instrumental Version),wax_tab6,2000-01-01
slow_m_muI,Slow Motion Death Sequence,manesXX,2000-01-01
ramplj_DjV,Rampljus,håkan_yX,2000-01-01
all_i__Ou4,All I Want For Christmas Is You,salem_5B,2000-01-01
beta_hR7,Beta,anuradLX,2000-01-01
ark_Xfe,Ark,in_hea4b,2000-01-01
filhos_DXt,"Filhos do Homem 20 Anos, Vol. 1",filhosRW,2000-01-01
love_&_wZ6,Love & Hurt (Deluxe Edition),rasmusYs,2000-01-01
kachak_jJ1,Kachaka Paraguay,jorge_dR,2000-01-01
somebo_zPG,Somebody You Loved,kid_trPE,2000-01-01
weneve_6Jm,WeNeverAskedForThis,surrenpN,2000-01-01
shots__edb,Shots & Squats,vigilaIN,2000-01-01
countr_bty,Country Holiday,travisGo,2000-01-01
victor_7OL,Victorious,skille3z,2000-01-01
nawa_n_fHz,"Nawa Nawa Pyaar (From ""Yaar Mera Titliaan Warga"") - Single",gippy_Ys,2000-01-01
lust_f_J53,Lust For Life,iggy_pSg,2000-01-01
me_vas_TfJ,Me Vasantrao (Original Motion Picture Soundtrack),rahul_rr,2000-01-01
return_V2M,Return To The Heart,david_7J,2000-01-01
hallow_tyV,Halloween 2022 Pop Vol. 5,moderaqM,2000-01-01
asot_1_gMF,ASOT 1090 - A State Of Trance Episode 1090,kyau_&Ec,2000-01-01
sympho_ib0,Symphony,hybridtF,2000-01-01
used_t_thp,used to,josh_gRu,2000-01-01
simply_l3w,Simply Acoustic,amber_LI,2000-01-01
viking_5ta,Viking,lars_feO,2000-01-01
広い世界_と_w3I,広い世界 と せまい世界,rei_hapS,2000-01-01
mere_j_mdi,Mere Jogi Nath,saleem8q,2000-01-01
lo_mej_xgm,"Lo Mejor del Tango, Vol. 2",albertdq,2000-01-01
boxed_Od0,Boxed,euryth2N,2000-01-01
withou_eep,Without a Net (Live),gratefSL,2000-01-01
a_trai_mnR,A Trail of Laughters,siavasbX,2000-01-01
most_w_pFa,Most Wanted,ap_dhiyg,2000-01-01
darksi_KJJ,Darkside,alan_w1K,2000-01-01
member_3Tl,Members of the Trick,solomuzV,2000-01-01
extrem_H1H,Extreme Rain,tmsoftuk,2000-01-01
熱い胸さわぎ_mhl,熱い胸さわぎ,サザンオールQi,2000-01-01
weihna_41m,Weihnachten Musik,jamie_xZ,2000-01-01
comali_2Ki,Comalies,lacuna4l,2000-01-01
perfec_mHH,Perfect Time,maire_Bl,2000-01-01
vera_l_ZSI,Vera Loca (Ao Vivo),vera_lxG,2000-01-01
feliz__nnJ,Feliz Cumpleaños con Perreo,mariah1v,2000-01-01
the_bo_w0e,The Book of Heavy Metal,dream_ZG,2000-01-01
ainda__dZ9,Ainda não é o último,resgatUN,2000-01-01
start__7V5,Start Rockin' EP,kraftyDL,2000-01-01
suicid_0qS,Suicide by Sun,casino5A,2000-01-01
"fame,__n0m","Fame, Fortune, And Fornication",reel_bmO,2000-01-01
chegou_Smc,Chegou Quem Faltava - Versão do Chorão (Ao Vivo),charli24,2000-01-01
resenh_Bxl,Resenha Do Mumu (Ao Vivo),mumuziug,2000-01-01
desayu_QcG,Desayuno en calma,julie_M0,2000-01-01
bambi_syl,Bambi,larry_8n,2000-01-01
cali_s_LHV,Cali Spaces,mark_f4q,2000-01-01
calcin_tUg,"Calcinha Preta, Vol. 13 (Ao Vivo)",calcinPg,2000-01-01
love_l_RTv,Love Love Love,gail_bMe,2000-01-01
for_an_Ejc,For An Angel,paul_vSP,2000-01-01
proble_F8K,PROBLEMA,daddy_v1,2000-01-01
值得愛_SIS,值得愛,jay_fuDL,2000-01-01
pastil_WXk,Pastillas Rosas,cepedagb,2000-01-01
daily__7kq,Daily Pop Mix,burna_7f,2000-01-01
perreo_HDS,Perreo Tenebroso Vol. 2,wisin_DD,2000-01-01
christ_084,Christmas Soul Classics,the_miak,2000-01-01
great!_PLt,GREAT!,momolatz,2000-01-01
du_gam_yx3,Du gamla du fria,håkan_7i,2000-01-01
countr_Zt7,Country Christmas Greatest Hits,georgeaC,2000-01-01
amidst_2Iu,Amidst the Bloodshed,i_decln8,2000-01-01
phenom_eWU,Phenomenon (2007 Remaster),ufoS7,2000-01-01
halo_O51,Halo,mia_ca71,2000-01-01
work_i_GR3,Work It Out Compilation,steve_mw,2000-01-01
nova_b_k7a,Nova Bis - Tihuana,tihuan4Y,2000-01-01
englis_UmF,English and Mandarin Chinese,babybomw,2000-01-01
death__7Fh,Death Announcements,alkalizI,2000-01-01
acústi_6Kw,Acústico (Live),os_parEj,2000-01-01
saufen_uPA,"Saufen morgens, mittags, abends - Die Party",partynLG,2000-01-01
out_of_2td,Out of Control,gideonRy,2000-01-01
gold_0OX,Gold,zeca_poP,2000-01-01
u_la_l_iI6,U LA LA,dviceDA,2000-01-01
disclo_75P,Disclosure,the_gaHh,2000-01-01
marvel_iDu,Marvels of Industry,the_aroh,2000-01-01
more_s_tgU,More Starday & Musicor Originals,georgeSl,2000-01-01
bonanz_Se4,Bonanza,pxndxpY,2000-01-01
pure_-_Rpw,Pure - Maria Callas,giusepnS,2000-01-01
piano__YOB,"Piano Collection, Vol. 4",smyangF9,2000-01-01
the_st_AZK,The Stranger (Legacy Edition),billy_lj,2000-01-01
dance__ORx,Dance My Stress Away (with Stephen Marley),demarcEh,2000-01-01
to_do_iGe,To Do,mark_fOW,2000-01-01
confes_iZd,Confessions of the Mind (Expanded Edition),the_hoqB,2000-01-01
all_th_k6Y,All The Best (新曲+精選),曲奇DU,2000-01-01
death__AQZ,Death of the Party,kyle_kFw,2000-01-01
deus_d_qKG,Deus de Promessas (Ao Vivo),trazenql,2000-01-01
blood__696,Blood Like Lemonade (Deluxe Version),morcheNr,2000-01-01
realid_jyU,"Realidade, Vida e Fé",penseqp,2000-01-01
life_a_6re,Life as We Know It,bcee;cP5,2000-01-01
fuck_t_3p4,Fuck The Millennium,scootelM,2000-01-01
hymns__aC6,Hymns of Indigestible Suppuration,last_dCL,2000-01-01
coldpl_XHb,Coldplay Para bebes,sweet_Rx,2000-01-01
dating_FPp,Dating Stephy,stephyBE,2000-01-01
monume_jdS,Monumentos,sputni4Q,2000-01-01
antich_uzy,Antichrist Superstar,marilyHd,2000-01-01
dus_so_sif,Dus Sokagi Sakinleri 3,düş_soQ5,2000-01-01
never__ga5,Never Enough,divideXz,2000-01-01
so_was_aT0,So Was Wie Liebe,michells,2000-01-01
run_jcg,Run,kai_wavD,2000-01-01
natura_eIs,Naturalmente,vitóriQK,2000-01-01
not_no_J7d,Not No Malayalam Rapper,dopeboby,2000-01-01
tripta_nCZ,Triptamine,tristajM,2000-01-01
rock_o_ZqR,Rock or Bust,ac/dcZG,2000-01-01
vou_de_PA5,Vou De Samba Com Você,jair_r0e,2000-01-01
ipoly__bZo,Ipoly Mate 003,alec_tes,2000-01-01
home_f_tDb,Home For Christmas 2022,smokeyYP,2000-01-01
beat_t_lfh,Beat the Devil's Tattoo (Deluxe Version),black_rb,2000-01-01
i̇lla_YQg,İlla,leman_Sc,2000-01-01
levada_Syj,Levada Do Gigante (Ao Vivo / Pt. 2),leo_sau2,2000-01-01
para_t_w2i,Para todas as mulheres que já rimei,bin;azoz,2000-01-01
tsugi__SwR,Tsugi Chill-Out,modese4D,2000-01-01
return_xij,Return of the Dream Canteen,red_hoZK,2000-01-01
hallow_g35,Halloween 2022 Perreo Vol. 4,revol;cR,2000-01-01
can't__DDq,Can't Explain,omar_sjU,2000-01-01
легенд_ZVH,Легенды русской эстрады. Вадим Козин. Часть первая,vadim_DW,2000-01-01
uy_scu_hQH,UY Scuti,olamidig,2000-01-01
foggy__Y4Z,Foggy Mountain Jamboree (Expanded Edition),flatt_y8,2000-01-01
anthem_1v9,Anthem for a New Tomorrow,screecpK,2000-01-01
house__1H7,House Anthems,matomauB,2000-01-01
fractu_b2q,Fracture,stephadp,2000-01-01
facele_K1q,Faceless,unknowLd,2000-01-01
room_o_rij,Room On Fire,the_styJ,2000-01-01
青と夏_mUD,青と夏,mrs._gLk,2000-01-01
appeti_X43,Appetite For Destruction,guns_nfU,2000-01-01
kick_i_mdx,KiCk i,arca;sY5,2000-01-01
good_o_JMS,Good Old Boys,randy_bf,2000-01-01
la_nav_hnQ,La navidad es todo aquello que nos hace recordar...,mariahqp,2000-01-01
bocas__kbl,Bocas Ordinárias,charli8q,2000-01-01
carlos_Nd5,Carlos Gardel - Sus Mejores Tangos,carlosEb,2000-01-01
zadowo_0Da,Zadowoleni,boysp6,2000-01-01
