track_id,title,artist_id,album_id,popularity,duration_ms,danceability,energy,acousticness,instrumentalness,liveness,track_genre
azgPw,No Volveré,estelaVp,estela_Qfc,30,200026,0.417,0.161,0.483,0.0,0.715,rock-n-roll
pSR0B,Country Music / Mexican Cowboy / Tough Cowboy,pablo_Hs,knee_t_7Y5,21,235893,0.48,0.558,0.82,0.0,0.821,comedy
t5RqC,Ya Vecher Mlada,nadezhPQ,world__OtC,0,88999,0.437,0.346,0.96,0.0,0.129,romance
4fItn,Tungs,the_frGO,you_ar_V9X,56,170298,0.565,0.618,0.0697,6.37e-05,0.509,garage
HUCAj,The Virginia Company (Reprise),toshihzC,pocaho_D3i,21,35506,0.407,0.162,0.876,6.21e-06,0.158,disney
7T5pH,A Better Haircut,originOn,amélie_JsM,22,275413,0.491,0.288,0.816,0.0,0.209,show-tunes
q6fw7E,the overthinker,one_hojm,the_ov_XUx,52,196250,0.663,0.351,0.406,0.0,0.147,sad
6sJWx,Bad Memories (feat. Elley Duhé & FAST BOY),meduzam6,bad_me_3hf,85,148629,0.607,0.767,0.118,0.0,0.122,electro
VyLgcM,Exhausted Divinity,niky_npU,suncor_Xs5,39,287500,0.535,0.68,0.0108,0.932,0.107,club
ykpm,Konu Kilit,norm_ebE,konu_k_LdY,38,212357,0.876,0.721,0.0216,0.0,0.0654,turkish
grgu,Won't Back Down,fuel07,hallow_mYF,0,201426,0.465,0.883,0.000101,0.425,0.638,alt-rock
ak0pux,Mother Superior,good_rHV,for_go_I0a,31,186000,0.474,0.829,0.00136,1.16e-05,0.345,hardcore
GbXrU,Waves: Night,ocean_eV,ocean__UXf,34,198212,0.0645,0.302,0.00312,0.0,0.607,sleep
DwMkz,Boa Me (feat. Ed Sheeran & Mugeez),fuse_oYG,boa_me_x5N,53,180500,0.906,0.597,0.165,2.94e-06,0.0775,dancehall
xf3Otk,PSYCHOPATH,boøwyMm,psycho_3Ft,26,285093,0.792,0.818,0.00787,0.014,0.0716,rockabilly
T8UiGo,Passou da Conta,bruno_DT,paixão_L56,46,281053,0.473,0.585,0.525,5.29e-06,0.097,sertanejo
iXFWI,Prisoner Of Love,spear_6h,one_ey_bZe,21,216893,0.491,0.904,0.000165,0.00186,0.186,goth
7CNa,No Rain,yonder9N,mounta_HmI,22,251693,0.433,0.47,0.0909,0.0106,0.675,bluegrass
zHSYnJ,So This Is Love,emile_vz,so_thi_WVR,56,172187,0.279,0.234,0.975,0.871,0.0908,piano
6jAYsI,Good Without,mimi_w5s,good_w_D6Q,69,182121,0.616,0.576,0.0723,0.0,0.375,songwriter
xxfYEz,Saturday Night (Feel The Groove),brando6t,armada_vtg,0,153925,0.692,0.775,0.0278,0.0,0.427,edm
6rIGb,The World Is Yours,naskE,illmat_s20,68,290573,0.678,0.794,0.274,1.68e-06,0.124,hardcore
2lrP,剛剛好,joker_hI,初學者_feF,53,250482,0.473,0.41,0.603,7.06e-06,0.109,mandopop
UNWe,Flow Natural,"tito_""Qo",perreo_JZr,2,173866,0.831,0.789,0.121,0.0,0.328,reggaeton
ZU1Td,Abracadabra,steve_Nf,hallow_n9D,2,308373,0.791,0.534,0.0749,1.99e-06,0.156,country
87jF,Heaven In Her Eyes,gappy_jL,the_bi_tRs,34,227333,0.875,0.484,0.0136,0.000626,0.154,dancehall
dfqYP,魔界舞曲,seikim33,地獄より愛を_SlO,22,321253,0.646,0.809,0.00331,0.0134,0.199,heavy-metal
9d40r,Small Time Laboring Man,georgeYu,mr._co_q4W,11,153862,0.497,0.29,0.914,3.33e-05,0.134,honky-tonk
pYrhf5,A teraz tańcz - Radio Edit,drosseff,a_tera_FeN,31,233469,0.68,0.79,0.0827,0.000318,0.107,disco
SYP2AY,Who Do You Love,arty;rLe,who_do_Wuv,62,208253,0.537,0.964,0.018,0.00138,0.16,progressive-house
WYr2O,Stabbing In The Dark,ice_niH4,happy__bNl,0,276866,0.333,0.943,0.00123,0.0,0.0609,metalcore
E6AdH,Kara Sevda,cem_kaAA,haykır_nNh,32,258626,0.367,0.756,0.0617,0.695,0.274,psych-rock
PMlOn,Be Alone,oliverjU,be_alo_TjK,50,219615,0.567,0.967,0.0108,0.0228,0.314,trance
zo6D,Ele Voltará,coral_qH,ele_vo_LEA,25,189640,0.471,0.882,0.0584,0.0,0.0976,groove
GKb1x,Fate of a Coward,days_n3Y,rogue__gXp,28,175046,0.583,0.534,0.569,0.0,0.351,acoustic
UXt7X,Instagram - Bassjackers Remix,dimitrXA,tomorr_HLS,49,217178,0.494,0.823,0.025,0.00101,0.209,progressive-house
3Zi9r,These Days - Slowed + Reverb,nico;u4K,slowed_Qxn,0,263316,0.255,0.131,0.973,0.124,0.116,songwriter
TxHV53,Eat Me Alive,swarm;Fy,i'll_n_ZzK,16,293173,0.398,0.872,0.00137,0.232,0.0981,club
b0Bov0,All The Love I Ever Had - 1990 Original Singles Version,hank_wYY,the_co_V3L,11,105706,0.517,0.178,0.991,0.0312,0.272,honky-tonk
2gqH,The Unknown,peach_Ya,cinema_GQ0,58,188368,0.594,0.69,0.151,0.543,0.366,chill
N2u6H,"Lama Nas Ruas - Ao Vivo Em Vivo Rio,Brasil/2010",diogo_5X,sou_eu_kD7,38,289213,0.565,0.777,0.254,2.02e-06,0.925,samba
e7PP,Heavy Heart,gamperqq,heavy__OVh,55,166993,0.79,0.526,0.182,0.00114,0.103,deep-house
wkerA,Suzy & Sally's Eternal Return,tess_pgt,and_th_ToN,25,200533,0.514,0.394,0.352,0.0759,0.333,psych-rock
HfaK,A Way Of Life,neophy04,not_en_2hY,18,326485,0.723,0.716,0.13,0.518,0.0745,happy
6xmbB,I'll Be Home For Christmas,the_mi6Y,best_c_YbA,0,147506,0.329,0.296,0.583,0.0,0.155,blues
bO3U0N,Du försvann som en vind,lasse_xx,greate_8MM,47,208120,0.633,0.696,0.0914,4.08e-05,0.266,country
anAR3A,18 ~eighteen~,masahaGB,残響_S1p,31,326600,0.609,0.76,0.131,0.0,0.41,acoustic
VZMF,Living Hope,phil_wry,living_60b,55,327000,0.292,0.535,0.0355,0.0,0.0977,alt-rock
NaL0qM,Blurred Lines,robin_kd,blurre_e5X,76,263826,0.853,0.599,0.00334,7.93e-06,0.0759,soul
ixgY,Don’t Think.Feel,uverwodT,the_on_pF2,36,226173,0.549,0.947,0.000337,0.0,0.252,anime
lEe9z,I Killed a Baby,christrA,voice__7xc,22,406746,0.564,0.902,0.842,0.0,0.949,comedy
Ys0xa,Plaza de Las Sirenas (with Pepe De Pura),vicentbj,memori_z7e,22,384200,0.675,0.602,0.772,0.0673,0.0767,guitar
oSfnm,Kalyan,multansl,old_wo_J4c,25,187684,0.763,0.414,0.0829,0.637,0.0552,electronic
v6pb,Hallelujah,rufus_Uy,christ_Yli,0,249026,0.273,0.196,0.885,0.0,0.105,songwriter
PUHU4,La Voz de los '80 (En Vivo),los_prUH,estadi_J1e,32,286017,0.426,0.959,0.00784,0.0,0.929,hardcore
kRCW,Michael - Love From San Francisco Dub,roy_daSi,michae_DYH,32,342800,0.879,0.703,0.00318,0.0244,0.0563,chicago-house
dHDd1,Barulho da cama,dj_viafB,barulh_At2,47,158769,0.888,0.731,0.558,0.0,0.113,funk
HsMS,L'autre valse d'Amélie,yann_tKG,le_fab_WxF,55,93400,0.515,0.39,0.706,0.000684,0.137,ambient
TBomSQ,Ud-daa Punjab,vishalni,udta_p_2IE,59,274701,0.909,0.906,0.09,1.25e-05,0.287,hip-hop
QZ2MeK,Styrofoam,ashleykt,good_t_eYS,0,175853,0.737,0.701,0.0495,1.11e-06,0.108,country
lr3Dw,Bound by Blood,rustageS,bound__u4k,44,193440,0.821,0.907,0.355,0.0,0.0859,anime
i8htr,Dynamite,btsBJ,proof_MNP,66,199293,0.746,0.765,0.0112,0.0,0.0933,k-pop
f0ki,Raat Bhar,arijitdQ,heropa_XbA,58,325581,0.619,0.88,0.0173,0.00104,0.166,pop-film
UR6bDq,LAST STARDUST,aimerxq,dawn_tDp,56,318666,0.473,0.845,0.0105,2.87e-05,0.13,anime
3fqS,The Good Ones,gabby_Qz,goldmi_4EH,74,215140,0.519,0.552,0.18,0.0,0.149,country
Ac9U,Os Outros - Ao Vivo,leoniuZ,leoni__QFa,45,209773,0.418,0.394,0.85,0.0,0.917,brazil
cnjw,Bulutlarda,ati242zn,bulutl_RUu,39,162384,0.734,0.551,0.463,4.09e-05,0.11,turkish
uv18,Apache,the_shwo,anothe_PlA,57,174186,0.595,0.451,0.0106,0.929,0.0962,british
DJvvHZ,Beyond Space,spuntiQG,betwee_fou,0,341159,0.0661,0.28,0.647,0.93,0.121,iranian
bKsiM,Meu Violão E O Nosso Cachorro - Ao Vivo,simoneN3,bar_da_aX9,46,213173,0.651,0.766,0.57,0.0,0.629,sertanejo
sqUn,Flow Natural,"tito_""ZV",perreo_0gH,2,173866,0.831,0.789,0.121,0.0,0.328,reggae
b2dZj,"Heute hier, morgen dort - Live",die_toG4,die_to_YsY,36,154412,0.229,0.98,0.00118,5.06e-06,0.511,punk-rock
x7dO2L,Poove Sempoove,noel_t3Z,poove__A8t,22,145365,0.458,0.207,0.912,0.029,0.107,malay
rrb9,Another Song About The Weekend,a_day_ds,homesi_JOF,26,225653,0.443,0.941,2.39e-05,0.0,0.0965,metalcore
CgPgc,The Scent of Rain,bigricMV,memori_WqX,46,228529,0.472,0.143,0.896,0.0712,0.0705,piano
4k8f,Leonora,emma_siR,ettern_DgW,21,237240,0.295,0.525,0.36,0.000102,0.164,opera
qnITQA,La Llevo Al Cielo,chris_0c,clásic_Fft,0,254920,0.795,0.845,0.105,1.14e-05,0.172,latin
dqnD,Trip,dj_smaBc,jersey_vdg,15,92682,0.752,0.886,0.129,0.0129,0.86,club
BXpY,Worn,tenth_Bn,the_st_Yo5,50,244120,0.51,0.42,0.384,0.0,0.102,world-music
9E3jk,Lindos Momentos,noda_d4o,meu_ví_Bvh,38,255294,0.65,0.702,0.0549,0.0,0.287,forro
vD0z31,Hangin' at Caltex,gee_teYE,gee_te_ozA,25,112222,0.168,0.942,0.0641,0.969,0.328,garage
2YP9,Cool for the Summer,demi_l53,fiesta_wFy,0,214739,0.581,0.609,0.00366,0.000145,0.13,dance
TIolxf,Eating Hooks - Siriusmo Remix - Solomun Edit,moderaFH,eating_db9,54,422200,0.661,0.728,0.00818,0.652,0.0599,electronic
38Zqj,I Can't Be - Radio Mix,hakan_l8,i_can'_4gh,44,194015,0.685,0.819,0.278,0.0562,0.182,groove
uDZoF,Lakshya,shankaJL,lakshy_16n,57,375706,0.64,0.743,0.0616,2.01e-05,0.25,pop-film
wfxm,These Countless Sleepless Nights,blind_G3,nightm_OZW,22,278120,0.414,0.994,1.24e-05,0.214,0.262,death-metal
t0se3,Un Vals,luis_s93,putuma_HI2,25,226906,0.596,0.168,0.962,0.857,0.157,guitar
OI5m,It's Christmas Time,smokeyMp,soulfu_0te,0,224946,0.637,0.711,0.0254,0.00169,0.134,soul
VbucIs,Schnaps,anstanHb,party__tb0,28,142320,0.918,0.67,0.188,0.000176,0.0722,party
PLgCf,Aakasham,aromalEa,hope_kmv,16,198691,0.659,0.551,0.297,5.81e-05,0.231,malay
GD9su,Vete,maelo_kM,regála_Nh9,28,288386,0.686,0.772,0.157,3.81e-06,0.109,salsa
7f92,Baby Blue Eyes,a_rockb4,on_you_wwT,56,220013,0.404,0.726,0.0501,0.0,0.214,emo
RJoE,Nada gano con quererte - Con banda,los_frvK,con_ba_dyA,30,193200,0.687,0.338,0.295,1.01e-06,0.111,rock-n-roll
84Fa,Firecracker,vishalON,jayesh_qmJ,67,166600,0.838,0.63,0.242,0.0,0.0719,pop
1Mm1,Never Stop,fm-84;PU,never__5ZQ,45,286040,0.404,0.743,0.00451,0.0402,0.172,synth-pop
WJaP,The Drug In Me Is You,fallinnS,the_dr_SHs,72,218786,0.548,0.855,0.0149,0.0,0.127,punk
19B3d,Celebrate,mwuanaBz,h5_xNi,29,157821,0.756,0.65,0.0221,0.0,0.275,dancehall
BXOF,Snootch,iliza_r6,war_pa_bCU,22,238117,0.586,0.903,0.839,0.0,0.672,comedy
kFOuKr,C'est bleu,scootelb,20_yea_0IW,27,191266,0.497,0.921,0.0727,0.000187,0.362,techno
Yj0r,Afterlife,avenge36,avenge_dgS,70,352426,0.487,0.949,0.000429,2.91e-05,0.231,alternative
LVlnah,夏を抱きしめて,tubeTh,best_o_IX9,36,262360,0.51,0.733,0.149,0.0,0.0334,j-pop
I9Dp,Trasnochando,miguelEz,tango__thc,17,183414,0.66,0.13,0.912,0.516,0.194,tango
tVCiYP,Apricots,bicepln,aprico_MZw,54,246506,0.819,0.599,0.347,0.824,0.083,ambient
O6foKu,Koodamela Koodavechi,d._immhi,rummy__8ZX,58,300373,0.694,0.695,0.324,0.0,0.177,pop-film
6UOo,How Deep is Your Love - DJ Snake Remix,calvinZb,how_de_oR8,41,222400,0.616,0.903,0.015,0.00102,0.141,progressive-house
qlWn,Big Red Car,the_wiFB,here_c_1zf,31,107920,0.767,0.904,0.306,0.0096,0.0636,children
BieFl7,When You Wish Upon A Star,jim_brEx,soothe_yvk,20,158482,0.255,0.0928,0.976,0.927,0.143,new-age
ao9f,Marry Christmas,salem_il,it's_c_YYK,0,162009,0.541,0.753,0.0677,0.0,0.108,indie
ovDk,Dark Secret,mattheOv,music__CVd,21,243333,0.5,0.735,0.124,0.013,0.0568,power-pop
p2w2C,OMFG,lil_pe01,hellbo_L0D,66,197853,0.576,0.702,0.24,1.82e-06,0.114,emo
GdaH,Memorial,devendQr,rainy__4qw,0,278876,0.445,0.147,0.97,0.0188,0.118,folk
cgixoh,Rare Rocks That Look Like David Letterman,jobiimA,fuchsi_yWf,28,149611,0.765,0.418,0.673,0.812,0.111,study
t1MKUH,Around The World (feat. NOUMENN),kshmr;Wq,around_L9s,45,199017,0.582,0.863,0.0334,1.42e-05,0.371,progressive-house
WHoW,I Am III,bölzerjY,hero_iAh,17,563226,0.228,0.981,1.86e-05,0.0318,0.192,black-metal
hWhAbl,"Kingdom Dance - From ""Tangled""/Score",alan_mos,tangle_xGC,62,140413,0.239,0.614,0.0904,0.403,0.129,disney
8bntw,醉清風,xian_zDs,不愛最大_u4S,43,261982,0.584,0.408,0.724,3.03e-06,0.0732,mandopop
NdhG3p,少女A,akina_DZ,コンプリート_suC,20,213813,0.588,0.79,0.00518,7.9e-05,0.0374,j-idol
4SxykF,Renge Aroosi (Old Song),martinqS,8_bit_CNH,0,93000,0.444,0.92,0.144,0.936,0.341,iranian
2Yrc7,Chapel,felmaxGA,chapel_wOX,38,201562,0.601,0.956,0.000395,0.877,0.242,dubstep
D4Ucw,VIP Sound - Benny Page Remix,deeklipt,genera_7mw,11,250971,0.627,0.854,0.000943,0.000756,0.21,breakbeat
vi9t,Kalank (Bonus Track),pritamCG,kalank_F9B,48,308135,0.567,0.671,0.492,5.86e-05,0.102,indian
CFvjau,Mayonaise - Remastered,the_smd4,siames_xY5,55,348773,0.482,0.529,0.000107,0.546,0.0839,grunge
etCAFd,Maahi Ve,shankaWS,kal_ho_8uN,63,366853,0.815,0.833,0.0297,2e-05,0.33,pop-film
UTu5c,Bullshit,dune_rX0,bullsh_0Ru,26,180581,0.499,0.967,9.19e-05,0.0,0.352,garage
me665,Mumbai Dance,nucleyMl,bass_r_JRG,46,183092,0.655,0.892,0.0202,0.0917,0.321,indie
TgWV,socha na tha,zaeden0j,socha__ryh,41,144250,0.489,0.752,0.665,0.000669,0.55,indie-pop
JfyC,Una Lágrima Mas,rosarijx,rosari_h3p,28,227453,0.637,0.844,0.25,0.0,0.319,spanish
kuu3vZ,Fire Blood and Steel,brothecy,prophe_J59,55,192000,0.541,0.912,9.26e-05,0.00518,0.168,heavy-metal
SVbCj,Vuelve,juan_mLM,queda__6uf,0,213240,0.661,0.677,0.628,0.0,0.0793,electro
zFQma,No Estoy Convencido,los_crzx,discog_pC2,23,59268,0.366,0.89,0.000149,0.194,0.37,power-pop
hgZlg,Ida Red,stringkb,a_salu_NW8,22,76173,0.439,0.434,0.679,0.45,0.31,bluegrass
TxvDpv,Get Down The Clown,boogieWE,get_do_bQP,26,211200,0.593,0.946,0.0147,0.0691,0.328,dub
fjoS,Devil On My Shoulder,chelsezM,mega_h_m88,0,212493,0.661,0.323,0.649,1.82e-05,0.193,electro
c65e,PPP,kevin_tM,reggae_321,2,129332,0.798,0.625,0.383,3.33e-05,0.125,latin
nam8nH,Oh Oh Não,chicãoUy,oh_oh__ZRk,41,163920,0.7,0.929,0.18,0.0,0.0482,forro
33gJA,Joannie Works with One Hammer,the_wigd,wiggle_oEM,30,107189,0.652,0.491,0.516,0.0,0.192,children
KKEo,Powietrza,moskwaiL,moskwa_SuQ,32,140653,0.29,0.977,0.0383,3.1e-05,0.163,hardcore
iRHm7p,Abyss in Vision,devil_Wb,ecstas_kAn,19,284053,0.456,0.93,0.000138,0.917,0.243,black-metal
QZNi7q,By the Deep Sea,federinM,by_the_aXB,52,238318,0.541,0.21,0.885,0.868,0.0876,ambient
Qijm,Slaying the Runway,lani_lPE,slayin_xHP,8,153808,0.756,0.543,0.274,9.62e-06,0.139,kids
Ut8Fw,"Nine Variations in D, K.573 on a minuet by J.P. Duport: 7a. Variation VI - Pt. 1",wolfgaH7,mozart_aYf,16,63893,0.457,0.0343,0.989,0.953,0.0988,classical
XV43,You Caused It All By Telling Lies,hank_wHz,the_co_2gY,12,96733,0.461,0.327,0.939,0.0,0.587,honky-tonk
XviXpL,Mirage (Don’t Stop),jessienl,autumn_sXR,0,287226,0.796,0.71,0.109,0.000846,0.124,soul
K5xK3,Miracle Maker - Matt Guy Remix,dom_dops,miracl_l8N,0,229428,0.78,0.929,0.177,0.14,0.213,deep-house
OBXOH3,Me Leva,onze:2ZX,a_noss_r8f,34,252203,0.618,0.648,0.383,0.0,0.0874,j-rock
Yjp4,Community Count to 100,jack_h0r,super__4sg,9,192889,0.93,0.962,0.118,0.0,0.0697,kids
k7ui,TRASH CANDY,granrob5,trash__1rj,49,286293,0.463,0.971,0.0014,0.0,0.306,anime
1pCzO,Musafir,arijitHN,musafi_fbw,45,244067,0.571,0.13,0.844,0.0,0.0833,indian
ptdHp,Boy In Luv,bts5A,proof_pmD,62,231384,0.492,0.931,0.00244,0.0,0.353,k-pop
Pvr3iy,Det är vi ändå - Live,benny_KX,bao_på_i9L,36,238306,0.592,0.437,0.757,0.0,0.914,swedish
eM8myy,Tighten Up,the_baMh,tighte_D9q,18,230960,0.569,0.949,0.0224,0.862,0.0701,afrobeat
tVD3Y,What Can I Do,myrner1,what_c_g8V,38,256000,0.518,0.812,0.215,0.00752,0.144,dubstep
QL3Hsg,Even After All,finley2S,essent_Z73,28,234466,0.782,0.264,0.557,0.0545,0.101,british
wZVee6,Dream 1 (before the wind blows it all away) - Pt. 4,max_rivQ,sleep_ibR,55,133629,0.282,0.00212,0.993,0.964,0.104,ambient
umQdD,Family Affair (Dance for Me),david_W2,beauti_7A7,4,158391,0.869,0.726,0.0784,0.0,0.107,edm
x4atQK,Sirena (Versión Acústica),kenia_Jn,en_viv_uPf,46,242261,0.599,0.477,0.75,0.0,0.063,reggaeton
fnE7,彼方で,masahasX,akira_UDT,29,272320,0.459,0.57,0.199,0.0,0.137,acoustic
Lwsizo,Xerrox Spark,alva_nYl,xerrox_aYj,11,370386,0.0963,0.222,0.971,0.967,0.112,idm
X6PT,Rainfall on Roof,rainfaxz,rainfa_nIO,34,179736,0.276,0.985,0.857,0.649,0.949,sleep
Qw7ZC,Down the Line,beach_ks,somers_m1M,67,158474,0.615,0.743,0.237,0.00431,0.148,chill
tLVa,Jungle Style,aries;nl,jungle_VmQ,17,242221,0.678,0.961,0.00475,9.47e-05,0.136,drum-and-bass
0vLRIC,Are You Ready For Love? - Remastered,elton_Fi,diamon_U47,64,212440,0.803,0.748,0.254,0.00212,0.113,piano
nReL,Djon maya maï (feat. Victor Démé),synapsOI,conver_FSo,64,194706,0.79,0.647,0.2,0.109,0.0766,synth-pop
rc8dV,Don't Look Down,tramplMT,stars__Tdi,22,199666,0.514,0.749,0.501,0.947,0.215,bluegrass
ZAIpS2,Emphasis - Sandro Galli Remix,joseme3Q,she_ha_Rh7,0,446769,0.57,0.897,0.0437,0.924,0.133,techno
r0ZRD,Peaky Blinder,otnickOF,peaky__Qzi,65,159130,0.624,0.734,0.33,0.0549,0.326,electronic
N0Dp6,Entrails of the Hag Queen,incantHV,sect_o_dzj,18,273561,0.16,0.912,0.000103,0.82,0.293,black-metal
RNb6bO,Forgiveness,eddie_5N,one_wa_bXP,18,207674,0.496,0.594,0.437,0.0,0.244,afrobeat
Vz0u6,Lettered Love - Live,hillsonz,there__19a,40,222733,0.333,0.52,0.182,6.28e-06,0.673,world-music
6djK,The End,a.m.cyr,energy_3Iq,18,316534,0.568,0.995,0.000282,0.213,0.788,drum-and-bass
kodj,Refrigera Minhalma - Ao Vivo,colo_dSS,ser_ma_l7a,44,345866,0.328,0.753,0.489,0.0,0.371,brazil
Sm4r1,Analog Feel - Greenhaven DJs Extended Remix,cosmicGM,black__QT5,0,458139,0.704,0.833,0.00312,0.876,0.0919,german
SAYcnQ,Castelos & Ruínas,bk;saiFM,castel_uln,52,249490,0.799,0.584,0.103,1.11e-06,0.457,brazil
wLGT21,Ofa Mai,dj_noizO,ofa_ma_Wg4,50,184581,0.872,0.78,0.0712,0.0,0.0643,dubstep
hvhwP,On the Telephone,barrin1M,origin_WBe,27,226246,0.817,0.438,0.000859,0.00572,0.127,dub
m5Rq,Moving Blind,sonny_Sz,moving_4iP,40,192983,0.909,0.877,0.0174,0.000466,0.0761,groove
BKOOr,"Эй, ямщик, гони-ка к Яру",nikolaGK,лучшая_j3y,0,189080,0.355,0.265,0.909,0.0,0.146,romance
6iR5t,Pau Hana Rag,sonny_Yg,slack__tWt,22,184720,0.339,0.195,0.952,0.744,0.104,guitar
SHn8d,Daydreamer - Radio Edit,karlk;1v,crossr_EDP,54,184918,0.954,0.718,0.073,0.000285,0.161,french
cVgi8,Words Of Love,buddy_GH,buddy__pk5,52,117213,0.626,0.453,0.112,0.226,0.0539,rockabilly
Cpep,Morto de Saudade Sua - Ao Vivo,cezar_0D,cezar__uaa,45,185275,0.469,0.798,0.265,0.0,0.705,sertanejo
q5KjuK,The 18th Letter (Always And Forever),rakimkB,the_18_7jb,48,180933,0.657,0.674,0.0633,2.5e-06,0.32,hardcore
FczFGB,Waves : Healing Sounds,sleep_q1,white__QAG,35,55092,0.263,0.987,0.142,0.0432,0.856,sleep
bvHdvv,AEIOU,justinlo,aeiou_aSx,74,161880,0.689,0.856,0.0493,0.0,0.232,latino
xSZR28,Heaven And Earth,hillso81,no_oth_sbN,37,302113,0.359,0.78,2.46e-05,0.0,0.738,world-music
IE4H,Agora É Minha Vez,kara_vcX,a_cara_B4L,39,174893,0.785,0.774,0.304,0.0,0.0591,forro
w2vIth,"Merry Christmas, Kiss My Ass",all_tiw8,altern_YXx,0,199253,0.574,0.966,0.0141,0.0,0.43,rock
2lPVxO,"Piano Sonata No. 16 in C Major, K. 545 ""Sonata facile"": II. Andante",wolfgaww,mozart_2ek,32,293866,0.384,0.0687,0.992,0.94,0.141,classical
tKPTAk,What My Woman Can't Do,georgeNs,the_es_I7m,11,155173,0.531,0.255,0.799,2.93e-05,0.22,honky-tonk
Jvkx,Belly Full of Toes,couplegx,couple_J8T,13,88607,0.285,0.564,0.00108,0.199,0.181,grindcore
jcLd13,War of Fidelity,old_maVA,vermin_FLd,16,258493,0.365,0.958,1.35e-05,0.135,0.0186,black-metal
GQ94x,"Ах, короли!",дмитриYy,лучшие_wUu,0,178976,0.624,0.785,0.478,0.0,0.271,romance
qdMk,Abschiedslied,farin_Oo,endlic_ZiZ,36,208800,0.441,0.953,0.00384,2.91e-05,0.841,ska
KpJ6FS,Hey Mor,ozuna;2K,ozutoc_Mff,76,196600,0.901,0.589,0.00302,0.000237,0.0992,latino
5Z50Oz,Dark Cloud,murdocwc,strong_yca,17,204827,0.593,0.966,0.0106,0.00207,0.103,drum-and-bass
ATRJj,School road,radwimQS,your_n_519,47,68200,0.532,0.342,0.515,0.228,0.127,j-pop
hLhb,Anonymat,djadjakv,spleen_9B0,33,223466,0.765,0.516,0.216,0.0,0.367,french
S1w6L,Let Me Love You (feat. Chris Crone),sjur;cP1,let_me_udl,53,208886,0.462,0.83,0.123,0.0,0.0726,deep-house
wh1Mdz,Brick By Brick,arcticwp,suck_i_0L4,53,179906,0.285,0.807,0.00123,0.00368,0.317,garage
BOQ4,Secrets,onerepaM,waking_GQz,76,224693,0.516,0.764,0.0717,0.0,0.115,rock
f3pE9,We Found Your Weakness,re-fuzZT,rise_o_Vns,30,227291,0.598,0.99,0.00945,0.04,0.82,hardcore
VLmmJ,Late Night Messages,wiz_khVQ,walk_i_5E8,0,282740,0.79,0.616,0.0865,2.34e-05,0.22,dance
Hd2h,テレフォン,bisGe,lookie_5PD,20,214998,0.417,0.972,2.53e-06,0.54,0.413,j-idol
iwDQ,You Shook Me All Night Long,timo_rVK,...and_KSx,21,240093,0.585,0.232,0.866,0.0,0.0657,goth
gxmfP,Pela Fé - Ao Vivo,andré_17,fé_(ao_Xfo,40,279200,0.476,0.834,0.00674,0.0,0.691,gospel
m8Bu,Brink Of Madness,thyronh7,brink__W0o,21,264000,0.51,0.86,0.013,0.0,0.0786,hardstyle
xPdLQ,golden hour - ILLENIUM & NURKO Remix,jvke;iG1,golden_VA0,57,201904,0.453,0.771,0.046,0.0,0.159,indie
azRyFr,The Spirit Cave,patton35,finest_J7h,22,204386,0.654,0.793,0.691,0.0,0.888,comedy
wZ4Pv,Is It Too Much to Ask For,me7kmM,is_it__IJc,62,100586,0.901,0.467,0.05,0.0153,0.105,sad
u1xV,El Problema,farinaE7,perreo_RUi,0,206173,0.535,0.651,0.0542,0.131,0.0751,reggaeton
N5fNJQ,カウンターアクション,go!go!LY,kamele_o7H,37,272866,0.402,0.888,0.000131,1.22e-06,0.0653,j-pop
BtcFOL,Rage,rzrktlA,rage_FaA,44,137600,0.571,0.833,0.056,0.374,0.145,dubstep
bU8SZx,Dependente Do Amor,zeca_pZe,mais_f_hox,44,224376,0.694,0.566,0.271,0.0,0.215,pagode
2MVQ,Você Me Pergunta,rubel;16,você_m_rdV,41,234938,0.673,0.127,0.885,0.0,0.122,mpb
f6lyil,働く女,macaroYs,like_2W5,34,217786,0.743,0.505,0.566,1.73e-06,0.048,j-rock
0D5Q,Per Un Milione,boomdaJb,10's_m_x7Y,0,174615,0.741,0.745,0.103,0.0,0.0852,reggae
y3eA,Turning Page,sydneyNf,turnin_bc2,67,218451,0.404,0.0182,0.964,0.00037,0.108,singer-songwriter
STxP,Happier in Hell,royal_lS,top_of_R4D,0,173172,0.372,0.522,0.0243,0.0,0.231,indie-pop
juJXS,Mambo Salentino,boomdazF,tutti__hWF,0,155413,0.832,0.662,0.248,0.0,0.067,reggae
CAbGO,No Devotion,revolt8y,big_se_T6f,20,412687,0.667,0.681,0.0944,0.0783,0.444,industrial
6GVZ,El Vestido Rojo,galy_gWB,galy_g_0pL,28,220186,0.746,0.575,0.486,0.0,0.141,salsa
v0i0T,Vamos Hacerlo,dvicezE,vamos__3rm,45,209972,0.685,0.709,0.28,0.0,0.053,latino
FPgyR,Quinta-Feira - Ao Vivo,charlipK,acústi_Crt,47,317160,0.394,0.834,0.142,0.00107,0.919,brazil
rUcg,Come Take My Hand - Original,coone;Rd,the_ch_ryu,22,291815,0.615,0.731,0.00617,0.00163,0.0619,hardstyle
OAnc,Peele Amiras - Sabr,kabir_zD,peele__9ok,34,315869,0.742,0.693,0.535,0.0,0.106,folk
filWL,parents,yungblNe,drippy_QIA,0,172026,0.594,0.833,0.00967,0.0,0.3,rock
GfBaU,3ー2,hkt48p3,3ー2_(s_pnv,21,214466,0.532,0.867,0.195,0.0,0.261,j-idol
cFIO9q,Aposch,goom_gFK,aposch_wnk,31,424660,0.787,0.946,0.0609,0.539,0.0557,techno
NPQTl,Maymunlar Gezegeni,pentagPK,makina_yBJ,40,296187,0.322,0.981,3.05e-05,0.483,0.262,metal
1ajU,Dakiya,wowkidjP,50_top_3sD,20,54984,0.959,0.564,0.526,0.0,0.27,children
FLIi,Grey Days,s.p.yiJ,grey_d_8o0,17,304296,0.379,0.844,0.00477,0.923,0.119,drum-and-bass
FKvfE4,Forever Hate You,deicidqW,insine_vAI,21,188240,0.469,0.796,0.00145,0.197,0.185,death-metal
3HLg,Warsaw - Original Mix,alexanUm,warsaw_HAE,29,299992,0.699,0.964,0.001,0.771,0.187,techno
Ty4V,Calamatraca (ÀTTØØXXÁ Remix),baiana3L,outras_Ou7,19,182773,0.748,0.626,0.0135,4.66e-05,0.0385,afrobeat
u78ECH,Nayla,sonoraaS,mis_me_qXb,31,167333,0.689,0.338,0.681,0.000604,0.317,rock-n-roll
SIFp7,La blanche hermine,les_raGa,amzer__Rpm,37,306813,0.39,0.997,0.0942,0.0,0.0829,punk
unmIa,Suite: Judy Blue Eyes,crosbyEd,csn_20_8rb,29,560160,0.394,0.338,0.555,0.0,0.695,psych-rock
WqiuSG,In deinen Augen,sharakQa,in_dei_Wn8,39,192219,0.65,0.636,0.21,0.0,0.226,german
KFl1PU,Idolatria,menor_ab,trap_f_Abd,44,142495,0.731,0.301,0.25,0.0,0.119,funk
YOgals,1%,jane's0v,jane's_QuY,30,211037,0.363,0.88,0.0412,1.34e-06,0.453,grunge
KBI3DA,Frei und schwerelos (from the musical WICKED),sabrinv6,frei_u_C5O,22,221661,0.284,0.827,0.107,0.0,0.0628,show-tunes
MD3f9,Who We Are,nosferHT,streng_vqo,20,355023,0.487,0.94,0.239,0.00906,0.0828,happy
Sfy3L,Gecenin Sonuna Yolculuk,teomanrm,geceni_l1p,38,280600,0.686,0.404,0.119,0.000386,0.108,turkish
h26G8,Ciencia De La Lluvia,enjambZ5,daltón_Ntu,47,232757,0.465,0.952,0.0455,1.82e-05,0.0804,alt-rock
kNc5h6,"Cuando Quieras, Donde Quieras",pedro_Mj,lo_nue_Gew,30,276440,0.582,0.548,0.262,6.26e-06,0.0567,salsa
FQa0,Give It To Me Baby,rick_jUO,street_Bl6,65,248133,0.706,0.727,0.114,7.7e-05,0.174,disco
HwjBq,On Repeat,robin_9v,#multi_hev,0,190217,0.609,0.801,0.0246,0.00255,0.37,dance
35OIx,Homenzinho Torto,aline_HK,aline__stv,44,167137,0.611,0.636,0.182,0.0,0.125,brazil
S4Lq0,Liebe gewinnt,bringsiq,liebe__CXp,26,260093,0.529,0.642,0.0662,0.0,0.357,party
LuRVVT,Lovers,specim3F,wet_wa_MsP,22,184040,0.604,0.596,4.48e-05,6.11e-06,0.352,goth
WpyY,Başka Yolu Yok,batuflLe,okkey__W5A,39,138461,0.905,0.323,0.399,0.000517,0.0748,turkish
aKJk,Ela Disse Adeus,os_paraN,a_arte_KUe,43,224760,0.81,0.6,0.171,1.23e-05,0.255,mpb
oPOJ,My Family,kathlebD,gone_m_3XA,24,646579,0.56,0.787,0.843,0.0,0.801,comedy
ucZvv,I Am The Magnificent - Original Mix,the_prVv,the_ha_mnD,0,266391,0.396,0.822,0.000466,0.653,0.376,hardstyle
TRq54o,Gostoso Demais,elba_rAh,baião__9M0,40,234160,0.564,0.606,0.599,9.33e-05,0.275,mpb
oReVd,Hasta que salga el sol,natos_AU,luna_l_ERK,59,247000,0.903,0.476,0.00193,0.0343,0.285,spanish
TWuaS,See You Later Alligator,louisehj,a_plus_pEJ,31,176506,0.744,0.691,0.158,0.14,0.136,french
TBskU,Octopus's Garden,samuelsd,the_li_GVr,24,169040,0.475,0.65,0.113,0.0,0.12,show-tunes
Qbdho,Brillant,caballhz,high_&_5fq,34,160746,0.735,0.567,0.0242,1.3e-05,0.417,french
pYlfID,Splitting The Atom,massiv8S,heligo_BTD,44,316627,0.72,0.358,0.495,0.0354,0.186,trip-hop
9iG50,Best of You,foo_fiIC,in_you_C1W,76,255626,0.366,0.94,0.000769,9.42e-05,0.188,metal
ZQ0JWG,Poison,rita_oRv,poison_MmK,68,202906,0.579,0.738,0.0821,1.52e-06,0.232,edm
XwLO,Slinky,link_wHy,link_w_DVn,28,154041,0.374,0.502,0.171,0.768,0.141,rockabilly
bTG7,Jazzo/Lose Myself - Original Mix,octaveOn,burn_i_62j,5,402796,0.845,0.539,0.0112,0.0194,0.059,detroit-techno
C38JZ,Nasa,thiagozU,nasa_oN9,39,203544,0.601,0.926,0.0255,1.97e-06,0.129,forro
dy5oc,The Road,out_ofBu,man_ma_cx3,0,253970,0.433,0.873,5.02e-05,2.15e-05,0.0609,iranian
kave0E,Odyssey to Anyoona - Wehbba Remix,jam_&_p9,odysse_E9R,35,250909,0.516,0.925,0.00104,0.861,0.122,trance
Hsfb,I Got Werk,moodymgD,deviat_s5a,7,178903,0.756,0.781,0.0502,0.052,0.602,detroit-techno
kcF8,Glauben,dax_wogl,glaube_qIs,60,196109,0.0862,0.067,0.92,0.966,0.108,sleep
s0ypt5,The Bender,matomaoL,today'_nK6,0,184320,0.707,0.882,0.0606,0.0131,0.105,edm
VObajq,Whispering a Prayer,steve_HJ,alive__zjj,27,525626,0.155,0.3,0.648,0.719,0.938,guitar
Mo85,Sangre para el Rey,oconnoqe,el_tie_rFI,20,300133,0.608,0.747,0.000207,0.0501,0.201,heavy-metal
2TxW,I WANT TO DiE!!!!!,bisv3,anti_c_nd3,20,242826,0.471,0.966,0.0002,0.0621,0.189,j-idol
4UboX,Turandot / Act 3: Nessun dorma!,giacomNR,puccin_4IB,42,402040,0.242,0.356,0.971,0.0306,0.161,opera
Pvur0,A Vida Quis Assim,oswaldBh,de_pas_UCA,40,224614,0.664,0.36,0.806,0.0,0.107,mpb
c0e5B,Brinquedo Assassino,a_famíyw,só_as__dzx,43,382142,0.771,0.746,0.0902,0.0,0.0464,r-n-b
FRs6lf,Gandaia - Ao Vivo,art_poHc,ao_viv_L87,37,157240,0.581,0.936,0.161,0.0,0.861,samba
2R9B,The Yellow House,matt_dHJ,starry_hlF,22,210262,0.577,0.319,0.814,0.0,0.155,show-tunes
QYvR6,Wrong Side of Heaven,five_ft7,the_wr_dvE,66,271000,0.481,0.932,0.00721,0.0,0.337,metal
LTCP,Better Now,oh_wonY3,herbst_qwI,0,198342,0.569,0.364,0.75,0.00597,0.146,electro
oAWQr,Banba Oir - Remastered,clannaCX,banba_0Hk,22,206746,0.458,0.623,0.596,0.111,0.115,new-age
QOGEXu,Khamoshi,ritvizEG,dev_aaB,47,189391,0.714,0.666,0.00451,0.0001,0.42,indian
hFedJn,Donde Descansa La Esperanza,nach2E,los_vi_Gdb,27,319013,0.507,0.559,0.707,0.000853,0.326,spanish
K9j8X,Rhythm Variation 03,aoki_tLG,rv8_z0q,10,503613,0.807,0.278,0.0204,0.866,0.071,idm
7iaF4,Tankwa Town,oliverKC,the_ar_11U,50,453506,0.736,0.401,0.102,0.293,0.0938,electronic
oKq1,In A Galaxy Far Away,beat_oME,chewba_But,10,97500,0.664,0.188,0.743,0.852,0.131,study
KoDOO,Uncanny Valley,he_is_Mx,white__GKo,27,173604,0.434,0.485,0.0113,0.0101,0.311,metalcore
WqF8W,Home,zero_7Ax,when_i_zqQ,47,276693,0.497,0.459,0.324,0.0119,0.0511,trip-hop
nJZa,I fucked up,convolLr,lonewo_sA6,61,159149,0.645,0.708,0.00909,0.000356,0.115,sad
I1pg6,Paranoia,a_day_9D,bad_vi_34z,62,200676,0.409,0.992,4.82e-05,2.03e-06,0.1,metalcore
4DYuIE,Bad Boys (Theme from COPS),inner_ov,blazzi_KkI,69,229374,0.781,0.722,0.236,0.000398,0.077,reggae
vj75U,Fünffleck-Widderchen,dominifI,mannig_AE5,19,548000,0.567,0.643,0.487,0.898,0.106,minimal-techno
Suis,Good Without,mimi_wiF,good_w_p2b,69,182121,0.616,0.576,0.0723,0.0,0.375,singer-songwriter
oRZpB,Punk Superstars,gufiCp,histor_zey,38,187742,0.508,0.956,0.000782,1.97e-05,0.0991,punk-rock
cQU9,Halfway Down (with Ashley Drake),slandeU8,halfwa_mRx,51,310400,0.447,0.575,0.0296,2.82e-06,0.105,dub
w0xs,Tear Away,drownih3,sinner_Jam,63,254200,0.611,0.648,0.00055,0.0028,0.0846,grunge
WcpvtS,"Lohengrin, WWV 75: Prelude to Act I - Live",richarFl,wagner_U2L,21,559996,0.066,0.0232,0.817,0.891,0.117,opera
zVbM,El firulete - Remastered,julio_lK,varón__zOp,18,132864,0.407,0.523,0.95,2.78e-06,0.718,tango
bLESJ,Scam 1992 Theme,achintxk,scam_1_tmd,37,107758,0.443,0.634,0.00222,0.178,0.342,folk
ioPvj,Nada Es Igual,la_porzw,la_por_FcW,35,190466,0.731,0.827,0.169,1.4e-06,0.91,ska
09vGO,Come Full Circle,matt_lEq,piano__aAM,9,186000,0.583,0.745,0.411,0.833,0.153,study
BHx2,Bravery,assembyI,endure_dQJ,23,311851,0.566,0.941,0.0122,0.0019,0.0727,industrial
ecVLl,Era de Aquarius,martinbm,era_de_7Hj,44,178207,0.895,0.516,0.548,0.0,0.19,pagode
GqLItG,Burn With Me,amaranwx,the_ne_SNJ,48,240840,0.452,0.889,0.00197,0.0,0.132,goth
ufP3Vr,Gardeshon Ke Hain Marey,nusratAP,revamp_wiP,38,252004,0.667,0.631,0.00458,0.00123,0.138,folk
Ch3TT,I Can't Stand It - 4 Minute Mix,the_pr9P,the_ha_kPM,9,193396,0.664,0.847,0.00381,0.19,0.103,hardstyle
6mGL3,Tea For Two,blossoZz,jazz_r_0qA,0,204133,0.439,0.0196,0.959,2.19e-05,0.13,jazz
7AbFQL,Girlfriend,(hed)_Rl,new_wo_PMv,24,270120,0.635,0.698,0.05,2.94e-05,0.569,industrial
Motcyb,Hymn,nightcsU,hymn_XMX,37,306390,0.681,0.441,0.43,0.0636,0.117,dub
ZapS,Tie Me Down (with Elley Duhé),gryffiVa,tie_me_DOn,65,218295,0.548,0.839,0.135,0.0,0.102,edm
DzlW,Tú y las Nubes,lupillB8,el_tor_UBU,42,181021,0.676,0.597,0.143,0.00657,0.293,r-n-b
Pd84gd,Something Bout That Feeling,devin_m7,you_&__MZT,64,132688,0.69,0.397,0.064,0.0,0.0784,indie-pop
zK3J,Cigarettes & Whiskey,broilesp,loco_h_yEY,33,207680,0.397,0.901,0.264,0.0,0.217,ska
9skdWb,Addicted To Love,robertjU,fiesta_w8Q,0,359706,0.669,0.81,0.408,8.58e-06,0.0614,singer-songwriter
mHPJH,Colors,halseyBX,badlan_imV,68,249499,0.512,0.812,0.0534,0.0,0.092,electro
AFn5P2,Fake It,seetheCG,findin_HbK,75,193893,0.611,0.95,0.00141,1.59e-06,0.0543,metal
8P6B8,Amar Mawte (Female),anupamTu,hemloc_CGZ,37,330187,0.743,0.343,0.798,1.26e-05,0.1,songwriter
bprAq4,"Someone's Waiting For You (from ""The Rescuers"")",the_slQQ,someon_x53,20,132334,0.312,0.0435,0.953,0.942,0.108,disney
Dte4SS,Johnny Got A Boom Boom - Radio Edit,imeldaR0,mayhem_dyU,24,157320,0.733,0.886,0.0236,0.00962,0.285,rockabilly
Q7M4K,Skate,bruno_Ku,trendi_oOu,0,203122,0.708,0.598,0.037,0.0,0.17,pop
3pSpp,Fração de Segundo - Versão Acústica,nx_zeri2,fração_Wyj,36,194024,0.559,0.576,0.326,0.0,0.0998,emo
MW7On,Psalm 46 (Lord of Hosts),shane_Bb,psalms_cAO,53,302817,0.435,0.458,0.05,0.0,0.0799,world-music
NqGE8,Making Water,harry_E6,the_ma_mrJ,49,158160,0.495,0.335,0.826,0.873,0.104,british
bfcr,Shiawasenomonosashi,mariyaEO,expres_qSa,51,327146,0.7,0.814,0.18,0.0,0.105,j-idol
jwgR,"Modulating Prelude, K.284a/2",wolfgaKT,mozart_mPE,24,42586,0.534,0.15,0.984,0.2,0.248,classical
KqI6,被風吹過的夏天,金莎Wg,空氣_eOU,50,255946,0.551,0.535,0.604,0.0,0.102,mandopop
xhsf,Ulterior Motive,lucianZA,sweep__c8v,28,250826,0.619,0.743,0.0251,2.82e-06,0.116,dancehall
S4Gc2,If Yuh Ever Try - Radio Edit,navino6y,nima_d_66U,20,192130,0.57,0.875,0.038,0.0,0.111,j-dance
S7jNL,Friends (Live @ Docks 2004),scooteD5,live_-_9BK,17,282302,0.326,0.932,0.000301,0.0266,0.675,happy
SH1gi,El Capitolio,azucarjN,a_lo_c_gBa,28,224693,0.682,0.922,0.592,0.0,0.317,salsa
F1ed4,Shiheki,cr7zH9,shihek_mpr,41,226215,0.661,0.75,0.394,0.0,0.111,german
KYgF,Screwed,janellMX,the_st_IKi,0,302491,0.729,0.681,0.0442,0.000242,0.27,alternative
RL9EyV,The River,blues_ZD,dark_c_8GK,55,215699,0.554,0.437,0.0526,0.00241,0.241,blues
sVFT,Lose My Way,greens7K,handgu_OPq,23,444533,0.585,0.573,0.773,0.409,0.102,bluegrass
mGatgJ,Rat Race,disfeaw4,misant_PNb,13,157426,0.319,0.993,1.47e-06,0.151,0.405,grindcore
tRkoJ,Cê Volta ou Não,kiko_cb3,do_sun_boe,39,148689,0.669,0.894,0.013,0.0,0.0998,forro
RdlWw,Hallelujah,rufus_41,christ_g8N,0,249026,0.273,0.196,0.885,0.0,0.105,singer-songwriter
Op5uT,Pretty Fly (For A White Guy),the_ofim,alt_th_7fR,36,188480,0.723,0.902,0.0984,1.46e-06,0.0476,punk-rock
aH92,Khule Reston Pe,raghu_dF,aanand_vvJ,44,150261,0.559,0.425,0.84,0.00115,0.0972,indian
jPfv,Moments,shavi;1A,moment_5q4,44,203529,0.74,0.661,0.288,0.0,0.194,deep-house
vU7fIH,不能沒有你,andy_loN,一生一次_Lfd,20,280000,0.453,0.431,0.196,0.0,0.101,cantopop
ixNt,I'm Not Gonna Teach Your Boyfriend How to Dance with You,black_eG,partie_SsM,32,217733,0.477,0.938,0.000312,0.0,0.361,j-dance
Xx6JI,Froggie,the_prce,ii_PUr,26,190640,0.651,0.669,0.0357,0.000184,0.181,grunge
rloW,circus,pmbataOx,circus_kml,53,138707,0.719,0.621,0.358,0.0,0.144,sad
wZBc,Hunger Strike - 25th Anniversary Mix,templebA,temple_awp,62,246266,0.384,0.735,0.0252,2.76e-05,0.114,grunge
io2S,Right Now,ambna,blood__X1g,11,194026,0.816,0.701,0.126,0.0,0.29,breakbeat
0YFH7r,Music In You,sebastDr,music__nMY,54,185295,0.739,0.659,0.242,2.21e-06,0.245,deep-house
OBlbfa,Office Vibe,sless_VP,office_pYn,34,147096,0.774,0.113,0.111,0.598,0.155,study
zMCxqf,Tu Olor,wisin_wY,perreo_Z3M,0,246853,0.821,0.753,0.0148,6.13e-06,0.109,hip-hop
rG2dT,無緣的,楊宗憲mb,無緣的_iBu,24,259546,0.474,0.468,0.628,4.86e-05,0.274,mandopop
0Fp4,You Can't Hurry Love,hi-statD,vintag_Bi0,33,116000,0.597,0.985,0.00084,0.0134,0.0643,j-rock
vumEL,Ain't Nobody,chaka_oY,80's_xM8,0,245133,0.824,0.766,0.223,6.34e-05,0.116,soul
917L,Conga - Remastered,lafayety,malik_qqr,19,301617,0.705,0.83,0.0659,0.00445,0.078,afrobeat
mvEU,It Gonna Come - FKJ Remix,melodyss,lofi_&_fr6,0,224506,0.592,0.541,0.655,0.00157,0.159,jazz
4ZSO,SİS,khontkl4,si̇s_Hji,40,194000,0.906,0.582,0.0529,0.0269,0.246,turkish
jCCC,Burning With Fire,tappsK0,re-tur_2e2,33,389553,0.693,0.907,0.00106,0.084,0.0875,disco
JmBK,for the girls,hayleyVf,your_p_kpX,0,158486,0.753,0.652,0.133,0.0,0.0764,indie-pop
XCW4dh,Bizarre Love Triangle,new_orHl,commen_8mr,26,269906,0.66,0.79,0.054,0.000611,0.0957,synth-pop
YAtc23,I Just Called,neikedKj,hits_h_CBS,0,150560,0.626,0.849,0.0732,0.0,0.593,house
Ehf9A2,Ace of Spades,milkinYl,stallz_DFL,13,154466,0.369,0.963,3.74e-05,0.669,0.587,grindcore
8Q4xFD,Future - Instrumental,model_8W,no_ufo_gqh,5,313733,0.797,0.819,0.000274,0.844,0.36,detroit-techno
pqaE,Big Jet Plane - Animal Trainer Remix,jan_blf2,big_je_MVC,44,400926,0.89,0.443,0.0372,0.385,0.369,minimal-techno
MzwKz,Love Runs Out (feat. G-Eazy & Sasha Alex Sloan),martinBN,love_r_q2f,63,164166,0.647,0.642,0.262,0.0,0.134,house
KKdNF,Thrill,frenchTM,never__ipE,62,163404,0.765,0.468,0.616,0.000206,0.095,chill
OJEUdD,Harry in Winter,patric4F,harry__tUU,55,174440,0.175,0.248,0.559,0.966,0.189,british
cKx3Z,Gold on the Ceiling,the_blWt,el_cam_h1P,70,224333,0.505,0.833,0.00772,7.9e-05,0.069,blues
fZ3VD,Metamorphosis,jack_hZO,scienc_aSu,10,129882,0.789,0.612,0.382,0.0,0.0734,kids
orTuzu,Ilzaam (From the Album 'Industry'),arjun_HZ,ilzaam_lYA,67,247374,0.697,0.66,0.472,0.0,0.243,pop
VRDBb,Cada Vez Más Pelotudos,assperpY,cada_v_1w2,22,243640,0.457,0.989,1.57e-05,5.47e-06,0.26,heavy-metal
VjaBXI,Like This - Instrumental Version,wax_tab6,the_sh_YCS,18,201997,0.76,0.51,0.024,0.709,0.345,trip-hop
z5Xu,Poison Enough for Everyone,manesXX,slow_m_muI,17,273066,0.534,0.759,0.0125,0.477,0.61,black-metal
jBVyqp,Snälla släck inte ljusen,håkan_yX,ramplj_DjV,37,355598,0.585,0.632,0.42,0.0,0.0909,swedish
R7V7,Marry Christmas,salem_5B,all_i__Ou4,0,162009,0.541,0.753,0.0677,0.0,0.108,indie
lpB39,Dhak Dhak Karne Laga,anuradLX,beta_hR7,50,320386,0.813,0.571,0.752,3.93e-06,0.0692,k-pop
2QPKm,Nomad,in_hea4b,ark_Xfe,26,254030,0.45,0.937,0.00032,0.0,0.234,metalcore
L38C6,Atrai Meu Coração (Ao Vivo),filhosRW,filhos_DXt,39,322561,0.544,0.271,0.418,7.32e-05,0.106,gospel
RZTeX,No Tomorrow (Bonus Track),rasmusYs,love_&_wZ6,55,153151,0.717,0.588,0.0859,1.06e-05,0.168,swedish
yZCw,Tu No Sabes Nada,jorge_dR,kachak_jJ1,44,193000,0.743,0.629,0.0103,0.0,0.037,folk
bwp8mT,Somebody You Loved,kid_trPE,somebo_zPG,41,145920,0.735,0.193,0.653,0.0,0.0819,chill
XzwXMI,UsedCar,surrenpN,weneve_6Jm,57,95786,0.568,0.408,0.219,0.00508,0.135,emo
mCJOM,Shots & Squats,vigilaIN,shots__edb,64,171799,0.807,0.812,0.00773,0.000501,0.236,electronic
xfIq,Santa Looked a Lot Like Daddy,travisGo,countr_bty,0,148453,0.622,0.778,0.234,0.0236,0.0978,country
rZsR,Finish Line,skille3z,victor_7OL,64,206060,0.53,0.803,0.0545,0.0,0.316,alt-rock
XrRQh,Nawa Nawa Pyaar,gippy_Ys,nawa_n_fHz,65,139756,0.811,0.757,0.142,0.0,0.183,pop
iq9tS,The Passenger,iggy_pSg,lust_f_J53,73,283360,0.498,0.889,0.0947,1.62e-06,0.733,punk-rock
Grchjy,Lalana,rahul_rr,me_vas_TfJ,32,212068,0.619,0.626,0.555,0.0,0.308,classical
kCYTS,Improvisation: Friedensengel (Angel Of Peace),david_7J,return_V2M,22,90026,0.574,0.00638,0.989,0.682,0.0828,new-age
jPyK,Sólo Quédate En Silencio,moderaqM,hallow_tyV,0,234973,0.337,0.643,0.467,1.86e-06,0.0857,alternative
KlMY6O,Velvet Morning 22 (ASOT 1090),kyau_&Ec,asot_1_gMF,41,137625,0.479,0.946,0.000548,0.261,0.136,german
AkM8N,Symphony - Original Mix,hybridtF,sympho_ib0,14,740600,0.577,0.91,0.0268,0.652,0.122,breakbeat
vl0GTS,used to,josh_gRu,used_t_thp,49,181090,0.622,0.723,0.394,0.0,0.61,sad
Xtwk,2002 - Acoustic,amber_LI,simply_l3w,57,145056,0.589,0.296,0.842,0.0,0.0736,acoustic
eqPKCE,1%,lars_feO,viking_5ta,33,166466,0.331,0.992,0.000615,0.0,0.21,ska
g31Sv,かべの人,rei_hapS,広い世界_と_w3I,11,146013,0.683,0.711,0.868,0.856,0.0874,idm
vOavx,Mere Jogi Nath,saleem8q,mere_j_mdi,23,295400,0.673,0.922,0.217,2.85e-06,0.0986,malay
ZX2V,Isla de Capri,albertdq,lo_mej_xgm,17,192666,0.511,0.12,0.951,0.0,0.367,tango
pM9ez,There Must Be an Angel (Playing with My Heart),euryth2N,boxed_Od0,25,321106,0.599,0.78,0.284,5.8e-06,0.163,synth-pop
insvrt,Eyes of the World - Live October 1989 - April 1990,gratefSL,withou_eep,28,974106,0.513,0.787,0.317,0.226,0.956,psych-rock
zUar,Crocuta Crocuta,siavasbX,a_trai_mnR,0,448000,0.171,0.427,0.302,0.896,0.115,iranian
iMJcv4,Most Wanted,ap_dhiyg,most_w_pFa,60,184090,0.85,0.573,0.0439,0.0,0.0871,hip-hop
vIyXxy,Darkside,alan_w1K,darksi_KJJ,62,211866,0.425,0.642,0.164,0.0,0.118,house
uFpD5V,Black Rose,solomuzV,member_3Tl,39,285873,0.739,0.683,0.00707,0.943,0.12,minimal-techno
ZIVv,Extreme Rain,tmsoftuk,extrem_H1H,31,590000,0.0,0.0353,0.0,4.8e-05,0.424,sleep
u6OK,瞳の中にレインボウ,サザンオールQi,熱い胸さわぎ_mhl,37,291240,0.56,0.752,0.201,0.0,0.223,j-pop
Y9xr,Hang Your Lights,jamie_xZ,weihna_41m,0,296680,0.346,0.605,0.188,0.0,0.241,j-pop
wi7Uz,Heaven's a Lie,lacuna4l,comali_2Ki,51,286533,0.426,0.881,0.0011,0.00279,0.124,goth
opdt,Perfect Time,maire_Bl,perfec_mHH,48,285773,0.18,0.273,0.847,3.09e-05,0.173,new-age
RkDEr,Graffiti - Ao Vivo,vera_lxG,vera_l_ZSI,42,227480,0.415,0.877,0.221,0.0,0.97,r-n-b
R33jK1,Perreito,mariah1v,feliz__nnJ,0,123680,0.737,0.607,0.194,0.11,0.132,latin
u8MUIO,Let's Make Rock,dream_ZG,the_bo_w0e,21,244000,0.464,0.939,1.17e-05,0.0031,0.081,heavy-metal
oAIUKo,A hora do Brasil,resgatUN,ainda__dZ9,38,208053,0.576,0.932,0.0281,0.0,0.239,gospel
KHRzf,Step to This,kraftyDL,start__7V5,11,231428,0.668,0.905,0.00234,0.47,0.343,breakbeat
DFiuw,Lazy Girl Loop,casino5A,suicid_0qS,9,137707,0.259,0.0691,0.625,0.761,0.106,idm
J5EA2i,Talk Dirty To Me,reel_bmO,"fame,__n0m",32,223093,0.672,0.804,0.565,0.0,0.0667,ska
EZnDhB,Gimme o Anel / Sheik - Ao Vivo - Chegou Quem Faltava,charli24,chegou_Smc,36,157690,0.501,0.961,0.0108,0.0152,0.697,hard-rock
8gkLCe,Não Quero Despedida / Quero Mais - Ao Vivo,mumuziug,resenh_Bxl,42,227683,0.535,0.751,0.565,0.0,0.368,pagode
NVsl,I'm In The Mood For Love,julie_M0,desayu_QcG,0,149826,0.58,0.0545,0.963,0.000265,0.0967,jazz
69VRQ,"Man Returns - From ""Bambi""/Score",larry_8n,bambi_syl,20,123533,0.239,0.229,0.845,0.717,0.633,disney
3ZhvO4,Cali Spaces - Kaskade Remix,mark_f4q,cali_s_LHV,6,368268,0.829,0.847,0.000216,0.918,0.0481,chicago-house
i3GC5n,Declaração de Amor (Ao Vivo),calcinPg,calcin_tUg,46,198426,0.546,0.864,0.142,0.0,0.825,sertanejo
Fv1eMt,Too Much Heaven,gail_bMe,love_l_RTv,27,294853,0.664,0.45,0.781,1.71e-05,0.311,acoustic
ha1UjV,For An Angel - PVD Angel In Heaven Radio Edit,paul_vSP,for_an_Ejc,58,233243,0.668,0.982,0.0437,0.849,0.887,trance
IoveLe,PROBLEMA,daddy_v1,proble_F8K,68,184506,0.773,0.8,0.0613,0.00403,0.0327,reggaeton
L4jJ,世界劇團,jay_fuDL,值得愛_SIS,20,222440,0.695,0.634,0.53,0.0,0.0964,cantopop
QAfJsV,Pastillas Rosas,cepedagb,pastil_WXk,48,172173,0.61,0.672,0.107,0.0,0.182,spanish
PuQN4L,For My Hand,burna_7f,daily__7kq,0,159123,0.87,0.479,0.161,0.000157,0.209,dance
2hHO,Pam Pam,wisin_DD,perreo_HDS,0,227280,0.874,0.69,0.121,0.0,0.249,hip-hop
r6ZO,Silver Bells,the_miak,christ_084,0,120760,0.606,0.329,0.616,0.0,0.121,blues
KwThwl,BBoom BBoom,momolatz,great!_PLt,66,208863,0.785,0.744,0.0149,0.00666,0.0661,k-pop
n9Ygu,Pärlor,håkan_7i,du_gam_yx3,36,313726,0.527,0.87,0.355,0.000109,0.383,swedish
4CfNuK,Jingle Bell Rock,georgeaC,countr_Zt7,1,132493,0.775,0.562,0.468,0.0,0.174,rock
fbaK,Amidst the Bloodshed,i_decln8,amidst_2Iu,23,126693,0.347,0.819,0.000559,0.582,0.172,death-metal
3BeeaI,Rock Bottom - 2007 Remaster,ufoS7,phenom_eWU,53,389333,0.256,0.863,3.49e-05,0.00408,0.364,psych-rock
0ecN,Halo,mia_ca71,halo_O51,60,210583,0.407,0.114,0.989,0.943,0.0985,piano
EJpn,Work It Out (feat. M. Doc),steve_mw,work_i_GR3,8,309640,0.832,0.578,0.00235,0.000103,0.343,chicago-house
xTL3gL,Tropa De Elite,tihuan4Y,nova_b_k7a,39,194773,0.716,0.881,0.0434,0.0,0.0383,punk
t77f,This Little Piggy (Zhè Zhī Xiǎo Xhū),babybomw,englis_UmF,12,53186,0.717,0.173,0.735,0.0,0.161,kids
cOH1,Death Announcements,alkalizI,death__7Fh,21,188000,0.499,0.961,0.406,0.0,0.273,j-dance
t1LstV,Tendo A Lua - Ao Vivo,os_parEj,acústi_6Kw,51,200826,0.492,0.794,0.196,2.62e-06,0.873,alternative
xe9Jg,Mama Laudaaa,partynLG,saufen_uPA,26,219170,0.702,0.884,0.111,0.0,0.373,party
ivrJU,SOUTHWIND,gideonRy,out_of_2td,23,249828,0.594,0.989,0.000372,0.000274,0.12,death-metal
0eTB2H,Vou Botar Teu Nome Na Macumba,zeca_poP,gold_0OX,37,198240,0.627,0.629,0.234,0.0,0.573,samba
1QEeGR,U LA LA,dviceDA,u_la_l_iI6,45,187221,0.651,0.622,0.0862,0.0,0.11,latino
g71E,Paper Waves,the_gaHh,disclo_75P,21,332480,0.446,0.88,0.00102,0.0132,0.134,goth
hnEXb,I'm Sorry For Saying I'm Sorry,the_aroh,marvel_iDu,22,121666,0.247,0.819,0.000893,0.00375,0.38,power-pop
JG1hI,Y'All Come,georgeSl,more_s_tgU,13,151053,0.608,0.389,0.538,0.0,0.172,honky-tonk
QanWLr,"Ilusión, Oh ilusión",pxndxpY,bonanz_Se4,36,291280,0.345,0.622,0.0272,0.000155,0.0942,emo
KIc5,"Verdi: Il trovatore, Act 4: ""D'amor sull'ali rosee"" (Leonora)",giusepnS,pure_-_Rpw,21,247920,0.226,0.0992,0.987,0.00366,0.11,opera
TxYz8,Magic Shop,smyangF9,piano__YOB,42,284383,0.434,0.0762,0.991,0.949,0.0918,piano
LxXe,Movin' Out (Anthony's Song),billy_lj,the_st_AZK,67,210760,0.664,0.88,0.465,1.63e-05,0.0591,piano
dNeeC,Dance My Stress Away (with Stephen Marley),demarcEh,dance__ORx,48,214122,0.593,0.756,0.198,0.0,0.104,j-dance
xO1k,To Do - Derrick Carter's Farina Experiment,mark_fOW,to_do_iGe,6,424146,0.801,0.831,0.000147,0.804,0.66,chicago-house
ZJ0C,He Ain't Heavy He's My Brother - 1998 Remaster,the_hoqB,confes_iZd,61,262266,0.304,0.421,0.46,4.03e-05,0.163,rock-n-roll
ARk4,Forever Friends,曲奇DU,all_th_k6Y,20,240226,0.568,0.294,0.814,0.0,0.2,cantopop
xFmyou,Dream Police,kyle_kFw,death__AQZ,25,399026,0.582,0.724,0.813,0.0,0.949,comedy
W7c7,Bendito Eu Serei - Ao Vivo,trazenql,deus_d_qKG,25,842906,0.335,0.729,0.42,0.0,0.72,groove
jS0z,Recipe for Disaster - Acoustic,morcheNr,blood__696,18,263706,0.61,0.213,0.917,0.000768,0.694,trip-hop
gqKrl,Eu Não Posso Mais,penseqp,realid_jyU,36,169058,0.495,0.984,0.00037,2.52e-05,0.307,hard-rock
zUcue,History,bcee;cP5,life_a_6re,17,290742,0.591,0.901,0.1,0.338,0.0749,drum-and-bass
Mu06,Fuck The Millennium,scootelM,fuck_t_3p4,18,249493,0.548,0.999,0.0501,0.0128,0.978,happy
9p2l,Consuming Purulent Sputum,last_dCL,hymns__aC6,11,100040,0.353,0.993,0.000187,0.934,0.0357,grindcore
usBhh,In My Place,sweet_Rx,coldpl_XHb,30,192493,0.503,0.263,0.943,0.943,0.0845,children
1YK1C,電燈膽,stephyBE,dating_FPp,46,214041,0.6,0.569,0.846,0.0,0.163,cantopop
IA4Ca,Cien Inviernos,sputni4Q,monume_jdS,39,187860,0.317,0.946,0.00304,3.81e-06,0.394,punk
EPnl3,Antichrist Superstar,marilyHd,antich_uzy,51,314266,0.384,0.833,0.000777,0.00489,0.18,industrial
2d32S,Ayrilik,düş_soQ5,dus_so_sif,35,344960,0.692,0.284,0.956,0.0332,0.0998,j-rock
qm1t,Never Enough,divideXz,never__ga5,52,227428,0.513,0.696,0.132,3.65e-05,0.117,anime
wl8j,Wirst du noch da sein,michells,so_was_aT0,26,235226,0.492,0.761,0.448,1.18e-06,0.309,party
3fxqH,Run,kai_wavD,run_jcg,54,217624,0.506,0.581,0.0508,3.13e-06,0.114,dub
OS61,Naturalmente,vitóriQK,natura_eIs,41,300053,0.627,0.527,0.406,0.0,0.161,gospel
QFFU9,Not No Malayalam Rapper,dopeboby,not_no_J7d,26,236000,0.561,0.351,0.713,0.000714,0.11,malay
bDJxYW,Triptamine,tristajM,tripta_nCZ,35,413164,0.75,0.875,2e-05,0.777,0.073,trance
yCGDvL,Rock or Bust,ac/dcZG,rock_o_ZqR,62,183053,0.572,0.825,7.13e-05,0.000134,0.134,hard-rock
luGb,Deixa Isso Pra Lá,jair_r0e,vou_de_PA5,39,134529,0.747,0.74,0.463,0.0,0.082,samba
RJCko,At What Cost,alec_tes,ipoly__bZo,19,419091,0.803,0.448,0.00753,0.208,0.111,minimal-techno
BTQp3,I Can Tell When Christmas Is Near,smokeyYP,home_f_tDb,0,187720,0.656,0.626,0.619,0.0,0.114,soul
QsExiZ,Beat the Devil's Tattoo,black_rb,beat_t_lfh,55,226760,0.517,0.909,0.451,0.0135,0.0923,punk-rock
Y0Kgu,Ayrılığa Dayanamam,leman_Sc,i̇lla_YQg,43,195626,0.645,0.37,0.82,0.0,0.177,jazz
jBqu,Figurinha Repetida - Ao Vivo,leo_sau2,levada_Syj,46,225864,0.706,0.772,0.214,0.0,0.723,pagode
ghExcT,Fim de Nós 2,bin;azoz,para_t_w2i,46,180000,0.582,0.467,0.183,0.0,0.0931,funk
pp5lF,Tacken,modese4D,tsugi__SwR,1,200389,0.64,0.533,0.0867,0.24,0.17,electronic
GgFCd,Tippa My Tongue,red_hoZK,return_xij,66,260808,0.573,0.913,0.00861,0.0273,0.114,funk
kcaQM,Dime,revol;cR,hallow_g35,3,284626,0.771,0.66,0.369,0.0,0.119,reggaeton
9suyY,Can't Explain - Omar S and TroiAlexis R&B Mix,omar_sjU,can't__DDq,20,159474,0.795,0.248,0.069,2.74e-05,0.111,detroit-techno
xFV7qZ,"Эту песню, сердцу дорогую",vadim_DW,легенд_ZVH,0,105760,0.645,0.279,0.987,0.0,0.146,romance
VMf0y,Rock,olamidig,uy_scu_hQH,52,185769,0.917,0.628,0.362,0.273,0.102,dancehall
gQy7p,Blue Ridge Cabin Home,flatt_y8,foggy__Y4Z,34,175800,0.61,0.512,0.628,0.000548,0.221,bluegrass
Uw3maU,Every Night,screecpK,anthem_1v9,23,222706,0.22,0.872,0.00048,0.000186,0.0541,power-pop
FoOEV,The Bender,matomauB,house__1H7,1,184320,0.707,0.882,0.0606,0.0131,0.105,house
j3LKVo,Fracture,stephadp,fractu_b2q,69,207640,0.324,0.0186,0.99,0.934,0.105,piano
shQsV,Hollywood Perfect,unknowLd,facele_K1q,59,162913,0.639,0.729,0.0176,0.0,0.113,edm
X4SpRU,Meet Me in the Bathroom,the_styJ,room_o_rij,53,176160,0.427,0.941,6.7e-05,0.89,0.0772,garage
f2vw8,点描の唄,mrs._gLk,青と夏_mUD,72,307066,0.502,0.632,0.447,0.0,0.103,anime
NbLo,Nightrain,guns_nfU,appeti_X43,64,266173,0.4,0.992,0.107,0.0117,0.179,hard-rock
429CRK,Watch,arca;sY5,kick_i_mdx,43,148576,0.669,0.732,0.00308,0.0,0.0492,club
RR9XS,Back on My Feet Again - 2002 Remaster,randy_bf,good_o_JMS,21,201600,0.74,0.568,0.633,8.04e-05,0.0745,disney
6CaTp1,Last Christmas,mariahqp,la_nav_hnQ,0,217893,0.745,0.812,0.0954,0.0,0.0473,latin
E1ZxCv,Somos Poucos Mas Somos Loucos,charli8q,bocas__kbl,43,330746,0.644,0.896,0.0656,0.000133,0.0838,r-n-b
gfn5s,Silencio,carlosEb,carlos_Nd5,18,171226,0.459,0.315,0.994,0.000396,0.227,tango
BFADWs,Ostatni Dzień Ostatnia Noc,boysp6,zadowo_0Da,30,235640,0.761,0.769,0.00855,1.17e-05,0.331,disco
